"id","product","scenario","choice","price"
63,"fresh",1,0,2
63,"lean",1,0,2
63,"dietLean",1,1,2
63,"organic",1,0,3
63,"noPurchase",1,0,0
63,"fresh",2,1,2
63,"lean",2,0,4
63,"dietLean",2,0,3
63,"organic",2,0,4
63,"noPurchase",2,0,0
63,"fresh",3,0,4
63,"lean",3,0,3
63,"dietLean",3,1,2
63,"organic",3,0,4
63,"noPurchase",3,0,0
63,"fresh",4,0,4
63,"lean",4,1,2
63,"dietLean",4,0,3
63,"organic",4,0,2
63,"noPurchase",4,0,0
63,"fresh",5,0,4
63,"lean",5,0,4
63,"dietLean",5,0,4
63,"organic",5,0,3
63,"noPurchase",5,1,0
64,"fresh",1,0,3
64,"lean",1,0,3
64,"dietLean",1,1,3
64,"organic",1,0,3
64,"noPurchase",1,0,0
64,"fresh",2,0,3
64,"lean",2,0,2
64,"dietLean",2,1,4
64,"organic",2,0,4
64,"noPurchase",2,0,0
64,"fresh",3,0,3
64,"lean",3,0,4
64,"dietLean",3,1,2
64,"organic",3,0,2
64,"noPurchase",3,0,0
64,"fresh",4,0,2
64,"lean",4,0,3
64,"dietLean",4,1,4
64,"organic",4,0,2
64,"noPurchase",4,0,0
64,"fresh",5,0,2
64,"lean",5,0,2
64,"dietLean",5,1,2
64,"organic",5,0,3
64,"noPurchase",5,0,0
65,"fresh",1,1,2
65,"lean",1,0,4
65,"dietLean",1,0,3
65,"organic",1,0,4
65,"noPurchase",1,0,0
65,"fresh",2,0,4
65,"lean",2,1,3
65,"dietLean",2,0,2
65,"organic",2,0,4
65,"noPurchase",2,0,0
65,"fresh",3,0,4
65,"lean",3,1,2
65,"dietLean",3,0,3
65,"organic",3,0,2
65,"noPurchase",3,0,0
65,"fresh",4,0,4
65,"lean",4,0,4
65,"dietLean",4,0,4
65,"organic",4,0,3
65,"noPurchase",4,1,0
65,"fresh",5,0,3
65,"lean",5,1,3
65,"dietLean",5,0,3
65,"organic",5,0,3
65,"noPurchase",5,0,0
66,"fresh",1,0,3
66,"lean",1,1,2
66,"dietLean",1,0,4
66,"organic",1,0,4
66,"noPurchase",1,0,0
66,"fresh",2,0,3
66,"lean",2,0,4
66,"dietLean",2,0,2
66,"organic",2,1,2
66,"noPurchase",2,0,0
66,"fresh",3,1,2
66,"lean",3,0,3
66,"dietLean",3,0,4
66,"organic",3,0,2
66,"noPurchase",3,0,0
66,"fresh",4,0,2
66,"lean",4,1,2
66,"dietLean",4,0,2
66,"organic",4,0,3
66,"noPurchase",4,0,0
66,"fresh",5,1,2
66,"lean",5,0,4
66,"dietLean",5,0,3
66,"organic",5,0,4
66,"noPurchase",5,0,0
67,"fresh",1,0,4
67,"lean",1,1,3
67,"dietLean",1,0,2
67,"organic",1,0,4
67,"noPurchase",1,0,0
67,"fresh",2,0,4
67,"lean",2,0,2
67,"dietLean",2,0,3
67,"organic",2,1,2
67,"noPurchase",2,0,0
67,"fresh",3,0,4
67,"lean",3,0,4
67,"dietLean",3,0,4
67,"organic",3,1,3
67,"noPurchase",3,0,0
67,"fresh",4,0,3
67,"lean",4,0,3
67,"dietLean",4,0,3
67,"organic",4,1,3
67,"noPurchase",4,0,0
67,"fresh",5,0,3
67,"lean",5,1,2
67,"dietLean",5,0,4
67,"organic",5,0,4
67,"noPurchase",5,0,0
68,"fresh",1,0,3
68,"lean",1,0,4
68,"dietLean",1,1,2
68,"organic",1,0,2
68,"noPurchase",1,0,0
68,"fresh",2,1,2
68,"lean",2,0,3
68,"dietLean",2,0,4
68,"organic",2,0,2
68,"noPurchase",2,0,0
68,"fresh",3,0,2
68,"lean",3,1,2
68,"dietLean",3,0,2
68,"organic",3,0,3
68,"noPurchase",3,0,0
68,"fresh",4,1,2
68,"lean",4,0,4
68,"dietLean",4,0,3
68,"organic",4,0,4
68,"noPurchase",4,0,0
68,"fresh",5,0,4
68,"lean",5,0,3
68,"dietLean",5,1,2
68,"organic",5,0,4
68,"noPurchase",5,0,0
69,"fresh",1,0,4
69,"lean",1,1,2
69,"dietLean",1,0,3
69,"organic",1,0,2
69,"noPurchase",1,0,0
69,"fresh",2,0,4
69,"lean",2,1,4
69,"dietLean",2,0,4
69,"organic",2,0,3
69,"noPurchase",2,0,0
69,"fresh",3,0,3
69,"lean",3,1,3
69,"dietLean",3,0,3
69,"organic",3,0,3
69,"noPurchase",3,0,0
69,"fresh",4,0,3
69,"lean",4,1,2
69,"dietLean",4,0,4
69,"organic",4,0,4
69,"noPurchase",4,0,0
69,"fresh",5,0,3
69,"lean",5,1,4
69,"dietLean",5,0,2
69,"organic",5,0,2
69,"noPurchase",5,0,0
70,"fresh",1,0,2
70,"lean",1,0,3
70,"dietLean",1,0,4
70,"organic",1,1,2
70,"noPurchase",1,0,0
70,"fresh",2,0,2
70,"lean",2,0,2
70,"dietLean",2,1,2
70,"organic",2,0,3
70,"noPurchase",2,0,0
70,"fresh",3,0,2
70,"lean",3,0,4
70,"dietLean",3,0,3
70,"organic",3,0,4
70,"noPurchase",3,1,0
70,"fresh",4,0,4
70,"lean",4,0,3
70,"dietLean",4,1,2
70,"organic",4,0,4
70,"noPurchase",4,0,0
70,"fresh",5,0,4
70,"lean",5,0,2
70,"dietLean",5,0,3
70,"organic",5,1,2
70,"noPurchase",5,0,0
71,"fresh",1,0,4
71,"lean",1,0,4
71,"dietLean",1,0,4
71,"organic",1,0,3
71,"noPurchase",1,1,0
71,"fresh",2,0,3
71,"lean",2,0,3
71,"dietLean",2,0,3
71,"organic",2,0,3
71,"noPurchase",2,1,0
71,"fresh",3,0,3
71,"lean",3,1,2
71,"dietLean",3,0,4
71,"organic",3,0,4
71,"noPurchase",3,0,0
71,"fresh",4,0,3
71,"lean",4,0,4
71,"dietLean",4,1,2
71,"organic",4,0,2
71,"noPurchase",4,0,0
71,"fresh",5,0,2
71,"lean",5,0,3
71,"dietLean",5,0,4
71,"organic",5,1,2
71,"noPurchase",5,0,0
72,"fresh",1,0,2
72,"lean",1,0,2
72,"dietLean",1,1,2
72,"organic",1,0,3
72,"noPurchase",1,0,0
72,"fresh",2,1,2
72,"lean",2,0,4
72,"dietLean",2,0,3
72,"organic",2,0,4
72,"noPurchase",2,0,0
72,"fresh",3,0,4
72,"lean",3,0,3
72,"dietLean",3,1,2
72,"organic",3,0,4
72,"noPurchase",3,0,0
72,"fresh",4,0,4
72,"lean",4,0,2
72,"dietLean",4,0,3
72,"organic",4,1,2
72,"noPurchase",4,0,0
72,"fresh",5,0,4
72,"lean",5,0,4
72,"dietLean",5,0,4
72,"organic",5,1,3
72,"noPurchase",5,0,0
73,"fresh",1,0,3
73,"lean",1,1,3
73,"dietLean",1,0,3
73,"organic",1,0,3
73,"noPurchase",1,0,0
73,"fresh",2,0,3
73,"lean",2,1,2
73,"dietLean",2,0,4
73,"organic",2,0,4
73,"noPurchase",2,0,0
73,"fresh",3,1,3
73,"lean",3,0,4
73,"dietLean",3,0,2
73,"organic",3,0,2
73,"noPurchase",3,0,0
73,"fresh",4,1,2
73,"lean",4,0,3
73,"dietLean",4,0,4
73,"organic",4,0,2
73,"noPurchase",4,0,0
73,"fresh",5,0,2
73,"lean",5,1,2
73,"dietLean",5,0,2
73,"organic",5,0,3
73,"noPurchase",5,0,0
74,"fresh",1,1,2
74,"lean",1,0,4
74,"dietLean",1,0,3
74,"organic",1,0,4
74,"noPurchase",1,0,0
74,"fresh",2,0,4
74,"lean",2,0,3
74,"dietLean",2,1,2
74,"organic",2,0,4
74,"noPurchase",2,0,0
74,"fresh",3,0,4
74,"lean",3,1,2
74,"dietLean",3,0,3
74,"organic",3,0,2
74,"noPurchase",3,0,0
74,"fresh",4,0,4
74,"lean",4,0,4
74,"dietLean",4,0,4
74,"organic",4,0,3
74,"noPurchase",4,1,0
74,"fresh",5,0,3
74,"lean",5,0,3
74,"dietLean",5,0,3
74,"organic",5,0,3
74,"noPurchase",5,1,0
77,"fresh",1,0,3
77,"lean",1,1,2
77,"dietLean",1,0,4
77,"organic",1,0,4
77,"noPurchase",1,0,0
77,"fresh",2,0,3
77,"lean",2,0,4
77,"dietLean",2,1,2
77,"organic",2,0,2
77,"noPurchase",2,0,0
77,"fresh",3,1,2
77,"lean",3,0,3
77,"dietLean",3,0,4
77,"organic",3,0,2
77,"noPurchase",3,0,0
77,"fresh",4,0,2
77,"lean",4,0,2
77,"dietLean",4,1,2
77,"organic",4,0,3
77,"noPurchase",4,0,0
77,"fresh",5,1,2
77,"lean",5,0,4
77,"dietLean",5,0,3
77,"organic",5,0,4
77,"noPurchase",5,0,0
79,"fresh",1,0,4
79,"lean",1,0,3
79,"dietLean",1,1,2
79,"organic",1,0,4
79,"noPurchase",1,0,0
79,"fresh",2,0,4
79,"lean",2,1,2
79,"dietLean",2,0,3
79,"organic",2,0,2
79,"noPurchase",2,0,0
79,"fresh",3,0,4
79,"lean",3,0,4
79,"dietLean",3,0,4
79,"organic",3,0,3
79,"noPurchase",3,1,0
79,"fresh",4,0,3
79,"lean",4,0,3
79,"dietLean",4,0,3
79,"organic",4,0,3
79,"noPurchase",4,1,0
79,"fresh",5,0,3
79,"lean",5,1,2
79,"dietLean",5,0,4
79,"organic",5,0,4
79,"noPurchase",5,0,0
80,"fresh",1,0,3
80,"lean",1,1,4
80,"dietLean",1,0,2
80,"organic",1,0,2
80,"noPurchase",1,0,0
80,"fresh",2,0,2
80,"lean",2,1,3
80,"dietLean",2,0,4
80,"organic",2,0,2
80,"noPurchase",2,0,0
80,"fresh",3,0,2
80,"lean",3,1,2
80,"dietLean",3,0,2
80,"organic",3,0,3
80,"noPurchase",3,0,0
80,"fresh",4,0,2
80,"lean",4,1,4
80,"dietLean",4,0,3
80,"organic",4,0,4
80,"noPurchase",4,0,0
80,"fresh",5,0,4
80,"lean",5,1,3
80,"dietLean",5,0,2
80,"organic",5,0,4
80,"noPurchase",5,0,0
81,"fresh",1,0,4
81,"lean",1,1,2
81,"dietLean",1,0,3
81,"organic",1,0,2
81,"noPurchase",1,0,0
81,"fresh",2,0,4
81,"lean",2,0,4
81,"dietLean",2,0,4
81,"organic",2,0,3
81,"noPurchase",2,1,0
81,"fresh",3,0,3
81,"lean",3,1,3
81,"dietLean",3,0,3
81,"organic",3,0,3
81,"noPurchase",3,0,0
81,"fresh",4,0,3
81,"lean",4,1,2
81,"dietLean",4,0,4
81,"organic",4,0,4
81,"noPurchase",4,0,0
81,"fresh",5,0,3
81,"lean",5,0,4
81,"dietLean",5,1,2
81,"organic",5,0,2
81,"noPurchase",5,0,0
82,"fresh",1,1,2
82,"lean",1,0,3
82,"dietLean",1,0,4
82,"organic",1,0,2
82,"noPurchase",1,0,0
82,"fresh",2,0,2
82,"lean",2,1,2
82,"dietLean",2,0,2
82,"organic",2,0,3
82,"noPurchase",2,0,0
82,"fresh",3,1,2
82,"lean",3,0,4
82,"dietLean",3,0,3
82,"organic",3,0,4
82,"noPurchase",3,0,0
82,"fresh",4,0,4
82,"lean",4,1,3
82,"dietLean",4,0,2
82,"organic",4,0,4
82,"noPurchase",4,0,0
82,"fresh",5,0,4
82,"lean",5,1,2
82,"dietLean",5,0,3
82,"organic",5,0,2
82,"noPurchase",5,0,0
83,"fresh",1,0,4
83,"lean",1,1,4
83,"dietLean",1,0,4
83,"organic",1,0,3
83,"noPurchase",1,0,0
83,"fresh",2,0,3
83,"lean",2,1,3
83,"dietLean",2,0,3
83,"organic",2,0,3
83,"noPurchase",2,0,0
83,"fresh",3,0,3
83,"lean",3,1,2
83,"dietLean",3,0,4
83,"organic",3,0,4
83,"noPurchase",3,0,0
83,"fresh",4,0,3
83,"lean",4,0,4
83,"dietLean",4,1,2
83,"organic",4,0,2
83,"noPurchase",4,0,0
83,"fresh",5,1,2
83,"lean",5,0,3
83,"dietLean",5,0,4
83,"organic",5,0,2
83,"noPurchase",5,0,0
84,"fresh",1,0,2
84,"lean",1,1,2
84,"dietLean",1,0,2
84,"organic",1,0,3
84,"noPurchase",1,0,0
84,"fresh",2,0,2
84,"lean",2,1,4
84,"dietLean",2,0,3
84,"organic",2,0,4
84,"noPurchase",2,0,0
84,"fresh",3,0,4
84,"lean",3,1,3
84,"dietLean",3,0,2
84,"organic",3,0,4
84,"noPurchase",3,0,0
84,"fresh",4,0,4
84,"lean",4,1,2
84,"dietLean",4,0,3
84,"organic",4,0,2
84,"noPurchase",4,0,0
84,"fresh",5,0,4
84,"lean",5,1,4
84,"dietLean",5,0,4
84,"organic",5,0,3
84,"noPurchase",5,0,0
85,"fresh",1,0,3
85,"lean",1,1,3
85,"dietLean",1,0,3
85,"organic",1,0,3
85,"noPurchase",1,0,0
85,"fresh",2,0,3
85,"lean",2,1,2
85,"dietLean",2,0,4
85,"organic",2,0,4
85,"noPurchase",2,0,0
85,"fresh",3,0,3
85,"lean",3,0,4
85,"dietLean",3,0,2
85,"organic",3,0,2
85,"noPurchase",3,1,0
85,"fresh",4,0,2
85,"lean",4,1,3
85,"dietLean",4,0,4
85,"organic",4,0,2
85,"noPurchase",4,0,0
85,"fresh",5,0,2
85,"lean",5,1,2
85,"dietLean",5,0,2
85,"organic",5,0,3
85,"noPurchase",5,0,0
86,"fresh",1,1,2
86,"lean",1,0,4
86,"dietLean",1,0,3
86,"organic",1,0,4
86,"noPurchase",1,0,0
86,"fresh",2,0,4
86,"lean",2,1,3
86,"dietLean",2,0,2
86,"organic",2,0,4
86,"noPurchase",2,0,0
86,"fresh",3,0,4
86,"lean",3,1,2
86,"dietLean",3,0,3
86,"organic",3,0,2
86,"noPurchase",3,0,0
86,"fresh",4,1,4
86,"lean",4,0,4
86,"dietLean",4,0,4
86,"organic",4,0,3
86,"noPurchase",4,0,0
86,"fresh",5,1,3
86,"lean",5,0,3
86,"dietLean",5,0,3
86,"organic",5,0,3
86,"noPurchase",5,0,0
87,"fresh",1,1,3
87,"lean",1,0,2
87,"dietLean",1,0,4
87,"organic",1,0,4
87,"noPurchase",1,0,0
87,"fresh",2,0,3
87,"lean",2,0,4
87,"dietLean",2,1,2
87,"organic",2,0,2
87,"noPurchase",2,0,0
87,"fresh",3,1,2
87,"lean",3,0,3
87,"dietLean",3,0,4
87,"organic",3,0,2
87,"noPurchase",3,0,0
87,"fresh",4,0,2
87,"lean",4,0,2
87,"dietLean",4,1,2
87,"organic",4,0,3
87,"noPurchase",4,0,0
87,"fresh",5,1,2
87,"lean",5,0,4
87,"dietLean",5,0,3
87,"organic",5,0,4
87,"noPurchase",5,0,0
88,"fresh",1,0,4
88,"lean",1,0,3
88,"dietLean",1,1,2
88,"organic",1,0,4
88,"noPurchase",1,0,0
88,"fresh",2,0,4
88,"lean",2,0,2
88,"dietLean",2,0,3
88,"organic",2,1,2
88,"noPurchase",2,0,0
88,"fresh",3,0,4
88,"lean",3,0,4
88,"dietLean",3,0,4
88,"organic",3,1,3
88,"noPurchase",3,0,0
88,"fresh",4,0,3
88,"lean",4,0,3
88,"dietLean",4,1,3
88,"organic",4,0,3
88,"noPurchase",4,0,0
88,"fresh",5,0,3
88,"lean",5,1,2
88,"dietLean",5,0,4
88,"organic",5,0,4
88,"noPurchase",5,0,0
89,"fresh",1,1,3
89,"lean",1,0,4
89,"dietLean",1,0,2
89,"organic",1,0,2
89,"noPurchase",1,0,0
89,"fresh",2,1,2
89,"lean",2,0,3
89,"dietLean",2,0,4
89,"organic",2,0,2
89,"noPurchase",2,0,0
89,"fresh",3,1,2
89,"lean",3,0,2
89,"dietLean",3,0,2
89,"organic",3,0,3
89,"noPurchase",3,0,0
89,"fresh",4,1,2
89,"lean",4,0,4
89,"dietLean",4,0,3
89,"organic",4,0,4
89,"noPurchase",4,0,0
89,"fresh",5,0,4
89,"lean",5,1,3
89,"dietLean",5,0,2
89,"organic",5,0,4
89,"noPurchase",5,0,0
93,"fresh",1,0,2
93,"lean",1,0,4
93,"dietLean",1,0,3
93,"organic",1,1,4
93,"noPurchase",1,0,0
93,"fresh",2,0,4
93,"lean",2,1,3
93,"dietLean",2,0,2
93,"organic",2,0,4
93,"noPurchase",2,0,0
93,"fresh",3,0,4
93,"lean",3,0,2
93,"dietLean",3,0,3
93,"organic",3,1,2
93,"noPurchase",3,0,0
93,"fresh",4,0,4
93,"lean",4,0,4
93,"dietLean",4,0,4
93,"organic",4,1,3
93,"noPurchase",4,0,0
93,"fresh",5,0,3
93,"lean",5,0,3
93,"dietLean",5,0,3
93,"organic",5,1,3
93,"noPurchase",5,0,0
95,"fresh",1,0,4
95,"lean",1,1,3
95,"dietLean",1,0,2
95,"organic",1,0,4
95,"noPurchase",1,0,0
95,"fresh",2,0,4
95,"lean",2,1,2
95,"dietLean",2,0,3
95,"organic",2,0,2
95,"noPurchase",2,0,0
95,"fresh",3,0,4
95,"lean",3,1,4
95,"dietLean",3,0,4
95,"organic",3,0,3
95,"noPurchase",3,0,0
95,"fresh",4,0,3
95,"lean",4,1,3
95,"dietLean",4,0,3
95,"organic",4,0,3
95,"noPurchase",4,0,0
95,"fresh",5,0,3
95,"lean",5,1,2
95,"dietLean",5,0,4
95,"organic",5,0,4
95,"noPurchase",5,0,0
96,"fresh",1,0,3
96,"lean",1,1,4
96,"dietLean",1,0,2
96,"organic",1,0,2
96,"noPurchase",1,0,0
96,"fresh",2,0,2
96,"lean",2,1,3
96,"dietLean",2,0,4
96,"organic",2,0,2
96,"noPurchase",2,0,0
96,"fresh",3,0,2
96,"lean",3,1,2
96,"dietLean",3,0,2
96,"organic",3,0,3
96,"noPurchase",3,0,0
96,"fresh",4,0,2
96,"lean",4,1,4
96,"dietLean",4,0,3
96,"organic",4,0,4
96,"noPurchase",4,0,0
96,"fresh",5,0,4
96,"lean",5,1,3
96,"dietLean",5,0,2
96,"organic",5,0,4
96,"noPurchase",5,0,0
97,"fresh",1,0,4
97,"lean",1,1,2
97,"dietLean",1,0,3
97,"organic",1,0,2
97,"noPurchase",1,0,0
97,"fresh",2,0,4
97,"lean",2,1,4
97,"dietLean",2,0,4
97,"organic",2,0,3
97,"noPurchase",2,0,0
97,"fresh",3,0,3
97,"lean",3,1,3
97,"dietLean",3,0,3
97,"organic",3,0,3
97,"noPurchase",3,0,0
97,"fresh",4,0,3
97,"lean",4,1,2
97,"dietLean",4,0,4
97,"organic",4,0,4
97,"noPurchase",4,0,0
97,"fresh",5,1,3
97,"lean",5,0,4
97,"dietLean",5,0,2
97,"organic",5,0,2
97,"noPurchase",5,0,0
98,"fresh",1,1,2
98,"lean",1,0,3
98,"dietLean",1,0,4
98,"organic",1,0,2
98,"noPurchase",1,0,0
98,"fresh",2,1,2
98,"lean",2,0,2
98,"dietLean",2,0,2
98,"organic",2,0,3
98,"noPurchase",2,0,0
98,"fresh",3,1,2
98,"lean",3,0,4
98,"dietLean",3,0,3
98,"organic",3,0,4
98,"noPurchase",3,0,0
98,"fresh",4,0,4
98,"lean",4,1,3
98,"dietLean",4,0,2
98,"organic",4,0,4
98,"noPurchase",4,0,0
98,"fresh",5,0,4
98,"lean",5,1,2
98,"dietLean",5,0,3
98,"organic",5,0,2
98,"noPurchase",5,0,0
99,"fresh",1,0,4
99,"lean",1,0,4
99,"dietLean",1,0,4
99,"organic",1,1,3
99,"noPurchase",1,0,0
99,"fresh",2,0,3
99,"lean",2,0,3
99,"dietLean",2,0,3
99,"organic",2,1,3
99,"noPurchase",2,0,0
99,"fresh",3,0,3
99,"lean",3,0,2
99,"dietLean",3,0,4
99,"organic",3,1,4
99,"noPurchase",3,0,0
99,"fresh",4,0,3
99,"lean",4,0,4
99,"dietLean",4,0,2
99,"organic",4,1,2
99,"noPurchase",4,0,0
99,"fresh",5,0,2
99,"lean",5,0,3
99,"dietLean",5,0,4
99,"organic",5,1,2
99,"noPurchase",5,0,0
100,"fresh",1,0,2
100,"lean",1,0,2
100,"dietLean",1,1,2
100,"organic",1,0,3
100,"noPurchase",1,0,0
100,"fresh",2,0,2
100,"lean",2,0,4
100,"dietLean",2,1,3
100,"organic",2,0,4
100,"noPurchase",2,0,0
100,"fresh",3,0,4
100,"lean",3,0,3
100,"dietLean",3,1,2
100,"organic",3,0,4
100,"noPurchase",3,0,0
100,"fresh",4,0,4
100,"lean",4,0,2
100,"dietLean",4,0,3
100,"organic",4,1,2
100,"noPurchase",4,0,0
100,"fresh",5,0,4
100,"lean",5,0,4
100,"dietLean",5,0,4
100,"organic",5,1,3
100,"noPurchase",5,0,0
102,"fresh",1,0,2
102,"lean",1,0,4
102,"dietLean",1,0,3
102,"organic",1,0,4
102,"noPurchase",1,1,0
102,"fresh",2,0,4
102,"lean",2,1,3
102,"dietLean",2,0,2
102,"organic",2,0,4
102,"noPurchase",2,0,0
102,"fresh",3,0,4
102,"lean",3,1,2
102,"dietLean",3,0,3
102,"organic",3,0,2
102,"noPurchase",3,0,0
102,"fresh",4,0,4
102,"lean",4,0,4
102,"dietLean",4,0,4
102,"organic",4,0,3
102,"noPurchase",4,1,0
102,"fresh",5,0,3
102,"lean",5,1,3
102,"dietLean",5,0,3
102,"organic",5,0,3
102,"noPurchase",5,0,0
103,"fresh",1,0,3
103,"lean",1,1,2
103,"dietLean",1,0,4
103,"organic",1,0,4
103,"noPurchase",1,0,0
103,"fresh",2,0,3
103,"lean",2,0,4
103,"dietLean",2,0,2
103,"organic",2,1,2
103,"noPurchase",2,0,0
103,"fresh",3,0,2
103,"lean",3,0,3
103,"dietLean",3,0,4
103,"organic",3,1,2
103,"noPurchase",3,0,0
103,"fresh",4,0,2
103,"lean",4,1,2
103,"dietLean",4,0,2
103,"organic",4,0,3
103,"noPurchase",4,0,0
103,"fresh",5,0,2
103,"lean",5,0,4
103,"dietLean",5,0,3
103,"organic",5,0,4
103,"noPurchase",5,1,0
104,"fresh",1,0,4
104,"lean",1,0,3
104,"dietLean",1,1,2
104,"organic",1,0,4
104,"noPurchase",1,0,0
104,"fresh",2,0,4
104,"lean",2,1,2
104,"dietLean",2,0,3
104,"organic",2,0,2
104,"noPurchase",2,0,0
104,"fresh",3,0,4
104,"lean",3,0,4
104,"dietLean",3,1,4
104,"organic",3,0,3
104,"noPurchase",3,0,0
104,"fresh",4,0,3
104,"lean",4,0,3
104,"dietLean",4,1,3
104,"organic",4,0,3
104,"noPurchase",4,0,0
104,"fresh",5,0,3
104,"lean",5,1,2
104,"dietLean",5,0,4
104,"organic",5,0,4
104,"noPurchase",5,0,0
105,"fresh",1,0,3
105,"lean",1,0,4
105,"dietLean",1,1,2
105,"organic",1,0,2
105,"noPurchase",1,0,0
105,"fresh",2,0,2
105,"lean",2,1,3
105,"dietLean",2,0,4
105,"organic",2,0,2
105,"noPurchase",2,0,0
105,"fresh",3,0,2
105,"lean",3,0,2
105,"dietLean",3,1,2
105,"organic",3,0,3
105,"noPurchase",3,0,0
105,"fresh",4,0,2
105,"lean",4,0,4
105,"dietLean",4,1,3
105,"organic",4,0,4
105,"noPurchase",4,0,0
105,"fresh",5,0,4
105,"lean",5,0,3
105,"dietLean",5,1,2
105,"organic",5,0,4
105,"noPurchase",5,0,0
106,"fresh",1,0,4
106,"lean",1,0,2
106,"dietLean",1,0,3
106,"organic",1,1,2
106,"noPurchase",1,0,0
106,"fresh",2,0,4
106,"lean",2,0,4
106,"dietLean",2,0,4
106,"organic",2,1,3
106,"noPurchase",2,0,0
106,"fresh",3,0,3
106,"lean",3,0,3
106,"dietLean",3,0,3
106,"organic",3,1,3
106,"noPurchase",3,0,0
106,"fresh",4,1,3
106,"lean",4,0,2
106,"dietLean",4,0,4
106,"organic",4,0,4
106,"noPurchase",4,0,0
106,"fresh",5,0,3
106,"lean",5,0,4
106,"dietLean",5,0,2
106,"organic",5,1,2
106,"noPurchase",5,0,0
108,"fresh",1,0,2
108,"lean",1,1,3
108,"dietLean",1,0,4
108,"organic",1,0,2
108,"noPurchase",1,0,0
108,"fresh",2,0,2
108,"lean",2,1,2
108,"dietLean",2,0,2
108,"organic",2,0,3
108,"noPurchase",2,0,0
108,"fresh",3,0,2
108,"lean",3,0,4
108,"dietLean",3,1,3
108,"organic",3,0,4
108,"noPurchase",3,0,0
108,"fresh",4,0,4
108,"lean",4,0,3
108,"dietLean",4,1,2
108,"organic",4,0,4
108,"noPurchase",4,0,0
108,"fresh",5,0,4
108,"lean",5,1,2
108,"dietLean",5,0,3
108,"organic",5,0,2
108,"noPurchase",5,0,0
109,"fresh",1,0,4
109,"lean",1,0,4
109,"dietLean",1,0,4
109,"organic",1,0,3
109,"noPurchase",1,1,0
109,"fresh",2,0,3
109,"lean",2,0,3
109,"dietLean",2,0,3
109,"organic",2,0,3
109,"noPurchase",2,1,0
109,"fresh",3,0,3
109,"lean",3,1,2
109,"dietLean",3,0,4
109,"organic",3,0,4
109,"noPurchase",3,0,0
109,"fresh",4,0,3
109,"lean",4,0,4
109,"dietLean",4,1,2
109,"organic",4,0,2
109,"noPurchase",4,0,0
109,"fresh",5,0,2
109,"lean",5,1,3
109,"dietLean",5,0,4
109,"organic",5,0,2
109,"noPurchase",5,0,0
110,"fresh",1,0,2
110,"lean",1,1,2
110,"dietLean",1,0,2
110,"organic",1,0,3
110,"noPurchase",1,0,0
110,"fresh",2,1,2
110,"lean",2,0,4
110,"dietLean",2,0,3
110,"organic",2,0,4
110,"noPurchase",2,0,0
110,"fresh",3,0,4
110,"lean",3,1,3
110,"dietLean",3,0,2
110,"organic",3,0,4
110,"noPurchase",3,0,0
110,"fresh",4,0,4
110,"lean",4,1,2
110,"dietLean",4,0,3
110,"organic",4,0,2
110,"noPurchase",4,0,0
110,"fresh",5,0,4
110,"lean",5,0,4
110,"dietLean",5,0,4
110,"organic",5,1,3
110,"noPurchase",5,0,0
111,"fresh",1,0,3
111,"lean",1,0,3
111,"dietLean",1,1,3
111,"organic",1,0,3
111,"noPurchase",1,0,0
111,"fresh",2,0,3
111,"lean",2,1,2
111,"dietLean",2,0,4
111,"organic",2,0,4
111,"noPurchase",2,0,0
111,"fresh",3,0,3
111,"lean",3,0,4
111,"dietLean",3,1,2
111,"organic",3,0,2
111,"noPurchase",3,0,0
111,"fresh",4,0,2
111,"lean",4,1,3
111,"dietLean",4,0,4
111,"organic",4,0,2
111,"noPurchase",4,0,0
111,"fresh",5,0,2
111,"lean",5,0,2
111,"dietLean",5,1,2
111,"organic",5,0,3
111,"noPurchase",5,0,0
112,"fresh",1,1,2
112,"lean",1,0,4
112,"dietLean",1,0,3
112,"organic",1,0,4
112,"noPurchase",1,0,0
112,"fresh",2,0,4
112,"lean",2,0,3
112,"dietLean",2,0,2
112,"organic",2,0,4
112,"noPurchase",2,1,0
112,"fresh",3,0,4
112,"lean",3,0,2
112,"dietLean",3,0,3
112,"organic",3,0,2
112,"noPurchase",3,1,0
112,"fresh",4,0,4
112,"lean",4,0,4
112,"dietLean",4,0,4
112,"organic",4,0,3
112,"noPurchase",4,1,0
112,"fresh",5,1,3
112,"lean",5,0,3
112,"dietLean",5,0,3
112,"organic",5,0,3
112,"noPurchase",5,0,0
113,"fresh",1,0,3
113,"lean",1,1,2
113,"dietLean",1,0,4
113,"organic",1,0,4
113,"noPurchase",1,0,0
113,"fresh",2,0,3
113,"lean",2,1,4
113,"dietLean",2,0,2
113,"organic",2,0,2
113,"noPurchase",2,0,0
113,"fresh",3,0,2
113,"lean",3,1,3
113,"dietLean",3,0,4
113,"organic",3,0,2
113,"noPurchase",3,0,0
113,"fresh",4,0,2
113,"lean",4,1,2
113,"dietLean",4,0,2
113,"organic",4,0,3
113,"noPurchase",4,0,0
113,"fresh",5,0,2
113,"lean",5,1,4
113,"dietLean",5,0,3
113,"organic",5,0,4
113,"noPurchase",5,0,0
114,"fresh",1,0,4
114,"lean",1,1,3
114,"dietLean",1,0,2
114,"organic",1,0,4
114,"noPurchase",1,0,0
114,"fresh",2,0,4
114,"lean",2,1,2
114,"dietLean",2,0,3
114,"organic",2,0,2
114,"noPurchase",2,0,0
114,"fresh",3,0,4
114,"lean",3,0,4
114,"dietLean",3,0,4
114,"organic",3,0,3
114,"noPurchase",3,1,0
114,"fresh",4,0,3
114,"lean",4,1,3
114,"dietLean",4,0,3
114,"organic",4,0,3
114,"noPurchase",4,0,0
114,"fresh",5,0,3
114,"lean",5,1,2
114,"dietLean",5,0,4
114,"organic",5,0,4
114,"noPurchase",5,0,0
115,"fresh",1,0,3
115,"lean",1,0,4
115,"dietLean",1,0,2
115,"organic",1,0,2
115,"noPurchase",1,1,0
115,"fresh",2,0,2
115,"lean",2,0,3
115,"dietLean",2,0,4
115,"organic",2,0,2
115,"noPurchase",2,1,0
115,"fresh",3,0,2
115,"lean",3,0,2
115,"dietLean",3,0,2
115,"organic",3,0,3
115,"noPurchase",3,1,0
115,"fresh",4,0,2
115,"lean",4,0,4
115,"dietLean",4,0,3
115,"organic",4,0,4
115,"noPurchase",4,1,0
115,"fresh",5,0,4
115,"lean",5,0,3
115,"dietLean",5,0,2
115,"organic",5,0,4
115,"noPurchase",5,1,0
116,"fresh",1,0,4
116,"lean",1,1,2
116,"dietLean",1,0,3
116,"organic",1,0,2
116,"noPurchase",1,0,0
116,"fresh",2,0,4
116,"lean",2,1,4
116,"dietLean",2,0,4
116,"organic",2,0,3
116,"noPurchase",2,0,0
116,"fresh",3,0,3
116,"lean",3,1,3
116,"dietLean",3,0,3
116,"organic",3,0,3
116,"noPurchase",3,0,0
116,"fresh",4,0,3
116,"lean",4,1,2
116,"dietLean",4,0,4
116,"organic",4,0,4
116,"noPurchase",4,0,0
116,"fresh",5,0,3
116,"lean",5,1,4
116,"dietLean",5,0,2
116,"organic",5,0,2
116,"noPurchase",5,0,0
117,"fresh",1,1,2
117,"lean",1,0,3
117,"dietLean",1,0,4
117,"organic",1,0,2
117,"noPurchase",1,0,0
117,"fresh",2,1,2
117,"lean",2,0,2
117,"dietLean",2,0,2
117,"organic",2,0,3
117,"noPurchase",2,0,0
117,"fresh",3,1,2
117,"lean",3,0,4
117,"dietLean",3,0,3
117,"organic",3,0,4
117,"noPurchase",3,0,0
117,"fresh",4,0,4
117,"lean",4,0,3
117,"dietLean",4,0,2
117,"organic",4,0,4
117,"noPurchase",4,1,0
117,"fresh",5,0,4
117,"lean",5,1,2
117,"dietLean",5,0,3
117,"organic",5,0,2
117,"noPurchase",5,0,0
118,"fresh",1,1,4
118,"lean",1,0,4
118,"dietLean",1,0,4
118,"organic",1,0,3
118,"noPurchase",1,0,0
118,"fresh",2,1,3
118,"lean",2,0,3
118,"dietLean",2,0,3
118,"organic",2,0,3
118,"noPurchase",2,0,0
118,"fresh",3,1,3
118,"lean",3,0,2
118,"dietLean",3,0,4
118,"organic",3,0,4
118,"noPurchase",3,0,0
118,"fresh",4,1,3
118,"lean",4,0,4
118,"dietLean",4,0,2
118,"organic",4,0,2
118,"noPurchase",4,0,0
118,"fresh",5,1,2
118,"lean",5,0,3
118,"dietLean",5,0,4
118,"organic",5,0,2
118,"noPurchase",5,0,0
