"choice","service","household","cost"
FALSE,"budget",1,1.7613
FALSE,"extended",1,13.816
FALSE,"local",1,2.5455
FALSE,"metro",1,3.1476
TRUE,"standard",1,1.7544
FALSE,"budget",2,1.2585
FALSE,"extended",2,13.816
TRUE,"local",2,2.508
FALSE,"metro",2,3.1476
FALSE,"standard",2,1.7544
TRUE,"budget",3,1.6273
FALSE,"extended",3,13.816
FALSE,"local",3,2.4397
FALSE,"metro",3,3.3422
FALSE,"standard",3,1.7544
FALSE,"budget",4,1.5581
FALSE,"extended",4,13.816
TRUE,"local",4,2.3476
FALSE,"metro",4,3.3422
FALSE,"standard",4,1.7544
FALSE,"budget",5,2.1459
FALSE,"extended",5,13.816
TRUE,"local",5,2.6624
FALSE,"metro",5,3.3422
FALSE,"standard",5,1.953
FALSE,"budget",6,2.7788
FALSE,"extended",6,13.816
TRUE,"local",6,2.5734
FALSE,"metro",6,3.3422
FALSE,"standard",6,2.681
FALSE,"budget",7,1.6273
FALSE,"extended",7,13.816
TRUE,"local",7,2.4782
FALSE,"metro",7,3.3422
FALSE,"standard",7,1.7544
TRUE,"budget",8,1.2119
FALSE,"extended",8,13.816
FALSE,"local",8,2.3283
FALSE,"metro",8,3.3422
FALSE,"standard",8,1.7544
FALSE,"budget",9,3.5522
FALSE,"extended",9,13.816
FALSE,"local",9,3.6428
TRUE,"metro",9,3.3422
FALSE,"standard",9,3.5083
FALSE,"budget",10,3.1281
FALSE,"extended",10,13.816
TRUE,"local",10,3.2344
FALSE,"metro",10,3.3422
FALSE,"standard",10,3.0601
FALSE,"budget",11,1.1878
FALSE,"extended",11,13.816
FALSE,"local",11,2.3204
TRUE,"metro",11,3.3422
FALSE,"standard",11,1.7544
FALSE,"budget",12,2.4301
FALSE,"extended",12,13.816
TRUE,"local",12,2.897
FALSE,"metro",12,3.3422
FALSE,"standard",12,2.2885
FALSE,"budget",13,2.4051
FALSE,"extended",13,13.816
FALSE,"local",13,2.8414
TRUE,"metro",13,3.3422
FALSE,"standard",13,2.2597
FALSE,"budget",14,2.7788
FALSE,"extended",14,13.816
TRUE,"local",14,2.3204
FALSE,"metro",14,13.816
FALSE,"standard",14,2.681
FALSE,"budget",15,1.7228
FALSE,"extended",15,13.816
FALSE,"local",15,2.3204
FALSE,"metro",15,13.816
TRUE,"standard",15,1.7544
TRUE,"budget",16,1.4398
FALSE,"extended",16,13.816
FALSE,"local",16,2.3204
FALSE,"metro",16,13.816
FALSE,"standard",16,1.7544
FALSE,"budget",17,2.1005
FALSE,"extended",17,13.816
TRUE,"local",17,2.3204
FALSE,"metro",17,13.816
FALSE,"standard",17,1.8976
FALSE,"budget",18,1.8825
FALSE,"extended",18,13.816
FALSE,"local",18,2.3204
FALSE,"metro",18,13.816
TRUE,"standard",18,1.7544
FALSE,"budget",19,1.6351
FALSE,"extended",19,13.816
FALSE,"local",19,2.3204
FALSE,"metro",19,13.816
TRUE,"standard",19,1.7544
FALSE,"budget",20,2.7625
FALSE,"extended",20,13.816
TRUE,"local",20,2.3204
FALSE,"metro",20,13.816
FALSE,"standard",20,2.6631
FALSE,"budget",21,3.7556
FALSE,"extended",21,13.816
TRUE,"local",21,3.9052
FALSE,"metro",21,3.3422
FALSE,"standard",21,3.7199
TRUE,"budget",22,1.2499
FALSE,"extended",22,13.816
FALSE,"local",22,2.3204
FALSE,"metro",22,3.3422
FALSE,"standard",22,1.7544
TRUE,"budget",23,1.4446
FALSE,"extended",23,13.816
FALSE,"local",23,2.3389
FALSE,"metro",23,3.3422
FALSE,"standard",23,1.7544
FALSE,"budget",24,1.7834
FALSE,"extended",24,13.816
TRUE,"local",24,2.3283
FALSE,"metro",24,3.3422
FALSE,"standard",24,1.7544
FALSE,"budget",25,1.1878
FALSE,"extended",25,13.816
TRUE,"local",25,2.3204
FALSE,"metro",25,3.3422
FALSE,"standard",25,1.7544
FALSE,"budget",26,4.6021
FALSE,"extended",26,13.816
FALSE,"local",26,4.6607
TRUE,"metro",26,3.3422
FALSE,"standard",26,4.5869
FALSE,"budget",27,1.839
FALSE,"extended",27,13.816
TRUE,"local",27,2.5779
FALSE,"metro",27,3.3422
FALSE,"standard",27,1.7544
FALSE,"budget",28,1.5748
FALSE,"extended",28,13.816
TRUE,"local",28,2.438
FALSE,"metro",28,3.3422
FALSE,"standard",28,1.7544
FALSE,"budget",29,1.5994
FALSE,"extended",29,13.816
TRUE,"local",29,2.4544
FALSE,"metro",29,3.3422
FALSE,"standard",29,1.7544
FALSE,"budget",30,1.5851
FALSE,"extended",30,13.816
TRUE,"local",30,2.4604
FALSE,"metro",30,3.3422
FALSE,"standard",30,1.7544
TRUE,"budget",31,1.5581
FALSE,"extended",31,13.816
FALSE,"local",31,2.406
FALSE,"metro",31,3.3422
FALSE,"standard",31,1.7544
FALSE,"budget",32,1.4516
FALSE,"extended",32,13.816
FALSE,"local",32,2.3749
TRUE,"metro",32,3.3422
FALSE,"standard",32,1.7544
FALSE,"budget",33,2.3552
FALSE,"extended",33,13.816
TRUE,"local",33,2.8507
FALSE,"metro",33,3.3422
FALSE,"standard",33,2.2017
FALSE,"budget",34,1.4516
FALSE,"extended",34,13.816
TRUE,"local",34,2.3786
FALSE,"metro",34,3.3422
FALSE,"standard",34,1.7544
FALSE,"budget",35,2.4406
FALSE,"extended",35,13.816
TRUE,"local",35,2.6865
FALSE,"metro",35,3.3422
FALSE,"standard",35,2.3006
FALSE,"budget",36,1.4036
FALSE,"extended",36,13.816
FALSE,"local",36,2.3495
FALSE,"metro",36,3.3422
TRUE,"standard",36,1.7544
TRUE,"budget",37,1.1878
FALSE,"extended",37,13.816
FALSE,"local",37,2.3204
FALSE,"metro",37,3.3422
FALSE,"standard",37,1.7544
FALSE,"budget",38,3.2092
FALSE,"extended",38,13.816
TRUE,"local",38,3.3499
FALSE,"metro",38,3.3422
FALSE,"standard",38,3.1467
FALSE,"budget",39,3.2249
FALSE,"extended",39,13.816
FALSE,"local",39,3.3304
TRUE,"metro",39,3.3422
FALSE,"standard",39,3.1634
FALSE,"budget",40,1.2413
FALSE,"extended",40,13.816
TRUE,"local",40,2.3312
FALSE,"metro",40,3.3422
FALSE,"standard",40,1.7544
FALSE,"budget",41,1.3271
FALSE,"extended",41,13.816
TRUE,"local",41,2.3204
FALSE,"metro",41,3.3422
FALSE,"standard",41,1.7544
FALSE,"budget",42,2.3561
FALSE,"extended",42,13.816
TRUE,"local",42,2.8166
FALSE,"metro",42,3.3422
FALSE,"standard",42,2.2028
FALSE,"budget",43,2.161
FALSE,"extended",43,13.816
FALSE,"local",43,2.6115
FALSE,"metro",43,3.1476
TRUE,"standard",43,1.9713
FALSE,"budget",44,1.2296
FALSE,"extended",44,13.816
FALSE,"local",44,2.508
FALSE,"metro",44,3.1476
TRUE,"standard",44,1.7544
FALSE,"budget",45,2.1679
FALSE,"extended",45,13.816
FALSE,"local",45,2.5688
FALSE,"metro",45,3.1476
TRUE,"standard",45,1.9796
FALSE,"budget",46,2.3878
FALSE,"extended",46,13.816
TRUE,"local",46,2.5112
FALSE,"metro",46,3.6449
FALSE,"standard",46,2.2396
FALSE,"budget",47,4.689
FALSE,"extended",47,13.816
FALSE,"local",47,4.6711
TRUE,"metro",47,3.6449
FALSE,"standard",47,4.6751
FALSE,"budget",48,2.0707
FALSE,"extended",48,13.816
TRUE,"local",48,2.3961
FALSE,"metro",48,3.6449
FALSE,"standard",48,1.884
FALSE,"budget",49,3.0956
FALSE,"extended",49,13.816
FALSE,"local",49,3.329
TRUE,"metro",49,3.1476
FALSE,"standard",49,3.0253
FALSE,"budget",50,1.8213
FALSE,"extended",50,13.816
FALSE,"local",50,2.508
FALSE,"metro",50,3.1476
TRUE,"standard",50,1.7544
FALSE,"budget",51,1.7561
FALSE,"extended",51,13.816
TRUE,"local",51,2.5241
FALSE,"metro",51,3.1476
FALSE,"standard",51,1.7544
FALSE,"budget",52,2.1471
FALSE,"extended",52,13.816
TRUE,"local",52,2.5673
FALSE,"metro",52,3.1476
FALSE,"standard",52,1.9544
TRUE,"budget",53,1.6956
FALSE,"extended",53,13.816
FALSE,"local",53,2.508
FALSE,"metro",53,3.1476
FALSE,"standard",53,1.7544
FALSE,"budget",54,2.6391
FALSE,"extended",54,13.816
FALSE,"local",54,2.5757
FALSE,"metro",54,3.1476
TRUE,"standard",54,2.5257
FALSE,"budget",55,2.9622
FALSE,"extended",55,13.816
TRUE,"local",55,2.568
FALSE,"metro",55,3.1476
FALSE,"standard",55,2.8814
FALSE,"budget",56,1.5933
FALSE,"extended",56,13.816
TRUE,"local",56,2.5273
FALSE,"metro",56,3.1476
FALSE,"standard",56,1.7544
FALSE,"budget",57,2.4924
FALSE,"extended",57,13.816
TRUE,"local",57,2.5726
FALSE,"metro",57,3.1476
FALSE,"standard",57,2.3599
FALSE,"budget",58,3.2496
FALSE,"extended",58,13.816
FALSE,"local",58,3.4651
TRUE,"metro",58,3.3422
FALSE,"standard",58,3.1897
FALSE,"budget",59,1.6919
FALSE,"extended",59,13.816
FALSE,"local",59,2.4891
FALSE,"metro",59,3.3422
TRUE,"standard",59,1.7544
FALSE,"budget",60,2.0096
FALSE,"extended",60,13.816
FALSE,"local",60,2.6398
TRUE,"metro",60,3.3422
FALSE,"standard",60,1.7851
FALSE,"budget",61,1.3083
FALSE,"extended",61,13.816
TRUE,"local",61,2.3204
FALSE,"metro",61,3.3422
FALSE,"standard",61,1.7544
TRUE,"budget",62,2.3476
FALSE,"extended",62,13.816
FALSE,"local",62,2.6973
FALSE,"metro",62,3.3422
FALSE,"standard",62,2.1928
FALSE,"budget",63,2.6953
FALSE,"extended",63,13.816
FALSE,"local",63,2.9796
TRUE,"metro",63,3.3422
FALSE,"standard",63,2.5885
FALSE,"budget",64,3.1604
FALSE,"extended",64,13.816
FALSE,"local",64,3.3541
TRUE,"metro",64,3.3422
FALSE,"standard",64,3.0947
FALSE,"budget",65,1.911
FALSE,"extended",65,13.816
TRUE,"local",65,2.4774
FALSE,"metro",65,3.3422
FALSE,"standard",65,1.7544
FALSE,"budget",66,2.0681
FALSE,"extended",66,13.816
TRUE,"local",66,2.599
FALSE,"metro",66,3.3422
FALSE,"standard",66,1.8579
FALSE,"budget",67,2.6012
FALSE,"extended",67,13.816
TRUE,"local",67,2.7997
FALSE,"metro",67,3.3422
FALSE,"standard",67,2.4832
FALSE,"budget",68,2.5703
TRUE,"extended",68,2.3495
FALSE,"local",68,2.8662
FALSE,"metro",68,3.6449
FALSE,"standard",68,2.6993
FALSE,"budget",69,4.6627
FALSE,"extended",69,4.4109
FALSE,"local",69,4.7014
TRUE,"metro",69,3.6449
FALSE,"standard",69,4.6766
FALSE,"budget",70,6.0719
FALSE,"extended",70,6.0708
FALSE,"local",70,6.0765
TRUE,"metro",70,3.6449
FALSE,"standard",70,6.0703
TRUE,"budget",71,2.5997
FALSE,"extended",71,2.9832
FALSE,"local",71,2.8764
FALSE,"metro",71,3.6449
FALSE,"standard",71,2.7114
FALSE,"budget",72,4.9478
FALSE,"extended",72,4.9391
FALSE,"local",72,4.9774
TRUE,"metro",72,3.6449
FALSE,"standard",72,4.9586
TRUE,"budget",73,1.4816
FALSE,"extended",73,13.816
FALSE,"local",73,2.3204
FALSE,"metro",73,13.816
FALSE,"standard",73,1.7544
FALSE,"budget",74,1.3888
FALSE,"extended",74,13.816
FALSE,"local",74,2.3204
FALSE,"metro",74,13.816
TRUE,"standard",74,1.7544
FALSE,"budget",75,2.127
FALSE,"extended",75,13.816
TRUE,"local",75,2.3204
FALSE,"metro",75,13.816
FALSE,"standard",75,1.9301
TRUE,"budget",76,1.3987
FALSE,"extended",76,13.816
FALSE,"local",76,2.3204
FALSE,"metro",76,13.816
FALSE,"standard",76,1.7544
TRUE,"budget",77,1.3083
FALSE,"extended",77,13.816
FALSE,"local",77,2.3204
FALSE,"metro",77,13.816
FALSE,"standard",77,1.7544
FALSE,"budget",78,3.0287
FALSE,"extended",78,13.816
TRUE,"local",78,2.3204
FALSE,"metro",78,13.816
FALSE,"standard",78,2.9533
FALSE,"budget",79,1.6956
FALSE,"extended",79,13.816
TRUE,"local",79,2.3204
FALSE,"metro",79,13.816
FALSE,"standard",79,1.7544
FALSE,"budget",80,1.6827
FALSE,"extended",80,13.816
FALSE,"local",80,2.3204
FALSE,"metro",80,13.816
TRUE,"standard",80,1.7544
TRUE,"budget",81,1.7334
FALSE,"extended",81,13.816
FALSE,"local",81,2.3204
FALSE,"metro",81,13.816
FALSE,"standard",81,1.7544
TRUE,"budget",82,1.5063
FALSE,"extended",82,13.816
FALSE,"local",82,2.5557
FALSE,"metro",82,3.1476
FALSE,"standard",82,1.7544
FALSE,"budget",83,2.0669
FALSE,"extended",83,13.816
FALSE,"local",83,2.7272
FALSE,"metro",83,3.1476
TRUE,"standard",83,1.8563
TRUE,"budget",84,2.3263
FALSE,"extended",84,13.816
FALSE,"local",84,2.3204
FALSE,"metro",84,13.816
FALSE,"standard",84,2.1679
FALSE,"budget",85,1.9685
FALSE,"extended",85,13.816
FALSE,"local",85,2.3204
FALSE,"metro",85,13.816
TRUE,"standard",85,1.7544
FALSE,"budget",86,2.0528
FALSE,"extended",86,13.816
TRUE,"local",86,2.3204
FALSE,"metro",86,13.816
FALSE,"standard",86,1.839
FALSE,"budget",87,2.0528
FALSE,"extended",87,13.816
FALSE,"local",87,2.3204
FALSE,"metro",87,13.816
TRUE,"standard",87,1.839
FALSE,"budget",88,2.7676
FALSE,"extended",88,13.816
TRUE,"local",88,2.6546
FALSE,"metro",88,3.1476
FALSE,"standard",88,2.6686
FALSE,"budget",89,2.714
FALSE,"extended",89,13.816
TRUE,"local",89,2.508
FALSE,"metro",89,3.1476
FALSE,"standard",89,2.6093
FALSE,"budget",90,2.2732
FALSE,"extended",90,13.816
TRUE,"local",90,2.593
FALSE,"metro",90,3.1476
FALSE,"standard",90,2.1054
FALSE,"budget",91,1.1878
FALSE,"extended",91,13.816
FALSE,"local",91,2.508
FALSE,"metro",91,3.1476
TRUE,"standard",91,1.7544
FALSE,"budget",92,4.022
FALSE,"extended",92,3.7381
FALSE,"local",92,3.7709
TRUE,"metro",92,3.6449
FALSE,"standard",92,3.9947
FALSE,"budget",93,1.8099
TRUE,"extended",93,2.4681
FALSE,"local",93,2.4257
FALSE,"metro",93,3.6449
FALSE,"standard",93,2.1529
FALSE,"budget",94,1.9516
FALSE,"extended",94,13.816
FALSE,"local",94,2.3204
FALSE,"metro",94,13.816
TRUE,"standard",94,1.7544
TRUE,"budget",95,1.2698
FALSE,"extended",95,13.816
FALSE,"local",95,2.3204
FALSE,"metro",95,13.816
FALSE,"standard",95,1.7544
TRUE,"budget",96,1.7579
FALSE,"extended",96,13.816
FALSE,"local",96,2.3204
FALSE,"metro",96,13.816
FALSE,"standard",96,1.7544
FALSE,"budget",97,2.6433
FALSE,"extended",97,13.816
TRUE,"local",97,2.3204
FALSE,"metro",97,13.816
FALSE,"standard",97,2.5305
FALSE,"budget",98,2.5619
FALSE,"extended",98,2.4527
TRUE,"local",98,2.4006
FALSE,"metro",98,3.6449
FALSE,"standard",98,2.4389
FALSE,"budget",99,2.4757
FALSE,"extended",99,13.816
TRUE,"local",99,2.3204
FALSE,"metro",99,13.816
FALSE,"standard",99,2.3408
FALSE,"budget",100,3.0974
FALSE,"extended",100,13.816
FALSE,"local",100,3.2527
TRUE,"metro",100,3.3422
FALSE,"standard",100,3.0272
TRUE,"budget",101,2.4973
FALSE,"extended",101,13.816
FALSE,"local",101,2.8094
FALSE,"metro",101,3.3422
FALSE,"standard",101,2.3656
FALSE,"budget",102,2.7942
FALSE,"extended",102,13.816
TRUE,"local",102,2.9882
FALSE,"metro",102,3.3422
FALSE,"standard",102,2.698
FALSE,"budget",103,3.4858
FALSE,"extended",103,13.816
FALSE,"local",103,3.4998
TRUE,"metro",103,3.3422
FALSE,"standard",103,3.4388
FALSE,"budget",104,1.9615
FALSE,"extended",104,13.816
TRUE,"local",104,2.4791
FALSE,"metro",104,3.3422
FALSE,"standard",104,1.7544
TRUE,"budget",105,1.411
FALSE,"extended",105,13.816
FALSE,"local",105,2.3389
FALSE,"metro",105,3.3422
FALSE,"standard",105,1.7544
TRUE,"budget",106,1.2892
FALSE,"extended",106,13.816
FALSE,"local",106,2.3204
FALSE,"metro",106,3.3422
FALSE,"standard",106,1.7544
FALSE,"budget",107,3.101
FALSE,"extended",107,13.816
FALSE,"local",107,3.3365
TRUE,"metro",107,3.3422
FALSE,"standard",107,3.0311
FALSE,"budget",108,1.8976
FALSE,"extended",108,13.816
FALSE,"local",108,2.59
FALSE,"metro",108,3.3422
TRUE,"standard",108,1.7544
FALSE,"budget",109,2.4698
FALSE,"extended",109,13.816
FALSE,"local",109,2.9069
FALSE,"metro",109,3.3422
TRUE,"standard",109,2.3341
FALSE,"budget",110,2.4319
FALSE,"extended",110,13.816
TRUE,"local",110,2.8826
FALSE,"metro",110,3.3422
FALSE,"standard",110,2.2905
FALSE,"budget",111,2.9735
FALSE,"extended",111,13.816
TRUE,"local",111,2.8668
FALSE,"metro",111,3.3422
FALSE,"standard",111,2.8937
FALSE,"budget",112,1.9199
FALSE,"extended",112,13.816
FALSE,"local",112,2.6086
TRUE,"metro",112,3.3422
FALSE,"standard",112,1.7544
FALSE,"budget",113,2.7651
FALSE,"extended",113,13.816
FALSE,"local",113,3.0699
TRUE,"metro",113,3.3422
FALSE,"standard",113,2.6658
FALSE,"budget",114,2.2762
FALSE,"extended",114,13.816
FALSE,"local",114,2.5265
FALSE,"metro",114,3.3422
TRUE,"standard",114,2.109
FALSE,"budget",115,1.8229
FALSE,"extended",115,13.816
TRUE,"local",115,2.508
FALSE,"metro",115,3.1476
FALSE,"standard",115,1.7544
FALSE,"budget",116,3.325
FALSE,"extended",116,13.816
FALSE,"local",116,3.383
TRUE,"metro",116,3.1476
FALSE,"standard",116,3.2696
FALSE,"budget",117,2.9328
FALSE,"extended",117,13.816
TRUE,"local",117,2.5273
FALSE,"metro",117,3.1476
FALSE,"standard",117,2.8495
FALSE,"budget",118,2.0956
FALSE,"extended",118,13.816
FALSE,"local",118,2.6561
FALSE,"metro",118,3.1476
TRUE,"standard",118,1.8916
TRUE,"budget",119,1.1878
FALSE,"extended",119,13.816
FALSE,"local",119,2.508
FALSE,"metro",119,3.1476
FALSE,"standard",119,1.7544
FALSE,"budget",120,2.5665
FALSE,"extended",120,13.816
FALSE,"local",120,2.8148
FALSE,"metro",120,3.1476
TRUE,"standard",120,2.4441
FALSE,"budget",121,2.0373
FALSE,"extended",121,13.816
FALSE,"local",121,2.5233
FALSE,"metro",121,3.1476
TRUE,"standard",121,1.8197
TRUE,"budget",122,1.2892
FALSE,"extended",122,13.816
FALSE,"local",122,2.508
FALSE,"metro",122,3.1476
FALSE,"standard",122,1.7544
FALSE,"budget",123,3.641
FALSE,"extended",123,13.816
FALSE,"local",123,3.7892
TRUE,"metro",123,3.3422
FALSE,"standard",123,3.6009
FALSE,"budget",124,1.7817
FALSE,"extended",124,13.816
TRUE,"local",124,2.4123
FALSE,"metro",124,3.3422
FALSE,"standard",124,1.7544
FALSE,"budget",125,2.5321
FALSE,"extended",125,13.816
TRUE,"local",125,2.3988
FALSE,"metro",125,3.3422
FALSE,"standard",125,2.4051
FALSE,"budget",126,2.7007
FALSE,"extended",126,13.816
TRUE,"local",126,2.4866
FALSE,"metro",126,3.3422
FALSE,"standard",126,2.5945
FALSE,"budget",127,1.7011
FALSE,"extended",127,13.816
FALSE,"local",127,2.4723
TRUE,"metro",127,3.3422
FALSE,"standard",127,1.7544
FALSE,"budget",128,1.5748
FALSE,"extended",128,13.816
TRUE,"local",128,2.4319
FALSE,"metro",128,3.3422
FALSE,"standard",128,1.7544
FALSE,"budget",129,3.2088
FALSE,"extended",129,13.816
FALSE,"local",129,3.0229
TRUE,"metro",129,3.1476
FALSE,"standard",129,3.1463
FALSE,"budget",130,3.8084
FALSE,"extended",130,13.816
FALSE,"local",130,3.9138
FALSE,"metro",130,3.3422
TRUE,"standard",130,3.7746
FALSE,"budget",131,1.2267
FALSE,"extended",131,13.816
TRUE,"local",131,2.3263
FALSE,"metro",131,3.3422
FALSE,"standard",131,1.7544
FALSE,"budget",132,1.4398
FALSE,"extended",132,13.816
TRUE,"local",132,2.3204
FALSE,"metro",132,3.3422
FALSE,"standard",132,1.7544
TRUE,"budget",133,1.209
FALSE,"extended",133,13.816
FALSE,"local",133,2.3204
FALSE,"metro",133,3.3422
FALSE,"standard",133,1.7544
FALSE,"budget",134,1.4563
FALSE,"extended",134,13.816
TRUE,"local",134,2.3204
FALSE,"metro",134,3.3422
FALSE,"standard",134,1.7544
FALSE,"budget",135,1.4586
FALSE,"extended",135,13.816
TRUE,"local",135,2.4159
FALSE,"metro",135,3.3422
FALSE,"standard",135,1.7544
FALSE,"budget",136,1.3218
FALSE,"extended",136,13.816
TRUE,"local",136,2.3656
FALSE,"metro",136,3.3422
FALSE,"standard",136,1.7544
FALSE,"budget",137,2.1247
FALSE,"extended",137,13.816
TRUE,"local",137,2.6644
FALSE,"metro",137,3.3422
FALSE,"standard",137,1.9272
FALSE,"budget",138,1.4134
FALSE,"extended",138,13.816
TRUE,"local",138,2.3533
FALSE,"metro",138,3.3422
FALSE,"standard",138,1.7544
FALSE,"budget",139,2.7187
FALSE,"extended",139,13.816
TRUE,"local",139,2.5384
FALSE,"metro",139,3.1476
FALSE,"standard",139,2.6145
TRUE,"budget",140,1.6658
FALSE,"extended",140,13.816
FALSE,"local",140,2.3952
FALSE,"metro",140,3.3422
FALSE,"standard",140,1.7544
FALSE,"budget",141,2.5487
FALSE,"extended",141,13.816
TRUE,"local",141,2.5688
FALSE,"metro",141,3.3422
FALSE,"standard",141,2.4239
FALSE,"budget",142,1.9095
FALSE,"extended",142,13.816
TRUE,"local",142,2.5305
FALSE,"metro",142,3.3422
FALSE,"standard",142,1.7544
FALSE,"budget",143,1.8856
FALSE,"extended",143,13.816
FALSE,"local",143,2.508
FALSE,"metro",143,3.1476
TRUE,"standard",143,1.7544
FALSE,"budget",144,3.0243
FALSE,"extended",144,13.816
TRUE,"local",144,2.6483
FALSE,"metro",144,3.1476
FALSE,"standard",144,2.9486
FALSE,"budget",145,1.2837
FALSE,"extended",145,13.816
TRUE,"local",145,2.3321
FALSE,"metro",145,3.3422
FALSE,"standard",145,1.7544
FALSE,"budget",146,1.6715
FALSE,"extended",146,13.816
TRUE,"local",146,2.4527
FALSE,"metro",146,3.3422
FALSE,"standard",146,1.7544
FALSE,"budget",147,2.4791
FALSE,"extended",147,13.816
FALSE,"local",147,2.9129
TRUE,"metro",147,3.3422
FALSE,"standard",147,2.3447
FALSE,"budget",148,2.1599
FALSE,"extended",148,13.816
TRUE,"local",148,2.6803
FALSE,"metro",148,3.3422
FALSE,"standard",148,1.9699
FALSE,"budget",149,3.6144
FALSE,"extended",149,13.816
FALSE,"local",149,3.7614
TRUE,"metro",149,3.3422
FALSE,"standard",149,3.5732
FALSE,"budget",150,3.5216
FALSE,"extended",150,13.816
FALSE,"local",150,3.6378
TRUE,"metro",150,3.3422
FALSE,"standard",150,3.4763
TRUE,"budget",151,1.2296
FALSE,"extended",151,13.816
FALSE,"local",151,2.3204
FALSE,"metro",151,3.3422
FALSE,"standard",151,1.7544
FALSE,"budget",152,2.0412
FALSE,"extended",152,13.816
TRUE,"local",152,2.3204
FALSE,"metro",152,13.816
FALSE,"standard",152,1.8245
TRUE,"budget",153,1.2179
FALSE,"extended",153,13.816
FALSE,"local",153,2.3204
FALSE,"metro",153,13.816
FALSE,"standard",153,1.7544
FALSE,"budget",154,1.4748
TRUE,"extended",154,2.374
FALSE,"local",154,2.1983
FALSE,"metro",154,3.6449
FALSE,"standard",154,1.8421
FALSE,"budget",155,3.0027
FALSE,"extended",155,2.4319
TRUE,"local",155,2.6137
FALSE,"metro",155,3.6449
FALSE,"standard",155,2.9253
TRUE,"budget",156,1.3635
FALSE,"extended",156,2.3495
FALSE,"local",156,2.1377
FALSE,"metro",156,3.6449
FALSE,"standard",156,1.7544
FALSE,"budget",157,2.6892
FALSE,"extended",157,2.6851
TRUE,"local",157,2.596
FALSE,"metro",157,3.6449
FALSE,"standard",157,2.5817
FALSE,"budget",158,1.6487
FALSE,"extended",158,2.3495
FALSE,"local",158,2.1377
FALSE,"metro",158,3.6449
TRUE,"standard",158,1.7544
FALSE,"budget",159,2.9275
FALSE,"extended",159,13.816
FALSE,"local",159,3.1839
TRUE,"metro",159,3.1476
FALSE,"standard",159,2.8437
FALSE,"budget",160,4.0303
FALSE,"extended",160,13.816
FALSE,"local",160,3.9553
TRUE,"metro",160,3.1476
FALSE,"standard",160,4.0033
FALSE,"budget",161,2.4816
FALSE,"extended",161,13.816
TRUE,"local",161,2.5447
FALSE,"metro",161,3.1476
FALSE,"standard",161,2.3476
FALSE,"budget",162,1.9601
FALSE,"extended",162,13.816
FALSE,"local",162,2.5185
FALSE,"metro",162,3.1476
TRUE,"standard",162,1.7544
FALSE,"budget",163,1.6214
FALSE,"extended",163,13.816
FALSE,"local",163,2.508
FALSE,"metro",163,3.1476
TRUE,"standard",163,1.7544
FALSE,"budget",164,2.4159
FALSE,"extended",164,13.816
FALSE,"local",164,2.5471
FALSE,"metro",164,3.1476
TRUE,"standard",164,2.2721
TRUE,"budget",165,2.1005
FALSE,"extended",165,13.816
FALSE,"local",165,2.5177
FALSE,"metro",165,3.1476
FALSE,"standard",165,1.8976
FALSE,"budget",166,2.621
FALSE,"extended",166,13.816
FALSE,"local",166,2.7713
FALSE,"metro",166,3.1476
TRUE,"standard",166,2.5055
FALSE,"budget",167,1.9643
FALSE,"extended",167,13.816
FALSE,"local",167,2.6899
FALSE,"metro",167,3.1476
TRUE,"standard",167,1.7544
FALSE,"budget",168,1.3533
FALSE,"extended",168,13.816
TRUE,"local",168,2.3768
FALSE,"metro",168,3.3422
FALSE,"standard",168,1.7544
FALSE,"budget",169,1.1878
FALSE,"extended",169,13.816
TRUE,"local",169,2.3204
FALSE,"metro",169,3.3422
FALSE,"standard",169,1.7544
TRUE,"budget",170,1.3164
FALSE,"extended",170,13.816
FALSE,"local",170,2.3637
FALSE,"metro",170,3.3422
FALSE,"standard",170,1.7544
FALSE,"budget",171,2.2966
FALSE,"extended",171,13.816
FALSE,"local",171,2.807
TRUE,"metro",171,3.3422
FALSE,"standard",171,2.133
FALSE,"budget",172,1.5433
FALSE,"extended",172,13.816
TRUE,"local",172,2.3204
FALSE,"metro",172,3.3422
FALSE,"standard",172,1.7544
FALSE,"budget",173,2.5696
FALSE,"extended",173,13.816
TRUE,"local",173,2.9902
FALSE,"metro",173,3.3422
FALSE,"standard",173,2.4476
FALSE,"budget",174,2.0189
FALSE,"extended",174,13.816
FALSE,"local",174,2.6693
TRUE,"metro",174,3.3422
FALSE,"standard",174,1.7967
FALSE,"budget",175,2.1114
FALSE,"extended",175,13.816
TRUE,"local",175,2.7187
FALSE,"metro",175,3.3422
FALSE,"standard",175,1.911
FALSE,"budget",176,2.0149
FALSE,"extended",176,13.816
TRUE,"local",176,2.6672
FALSE,"metro",176,3.3422
FALSE,"standard",176,1.7918
FALSE,"budget",177,1.8229
FALSE,"extended",177,13.816
TRUE,"local",177,2.5665
FALSE,"metro",177,3.3422
FALSE,"standard",177,1.7544
FALSE,"budget",178,2.4406
FALSE,"extended",178,13.816
FALSE,"local",178,2.9113
TRUE,"metro",178,3.3422
FALSE,"standard",178,2.3006
FALSE,"budget",179,2.3758
FALSE,"extended",179,13.816
FALSE,"local",179,2.8987
FALSE,"metro",179,3.1476
TRUE,"standard",179,2.2257
FALSE,"budget",180,2.3702
FALSE,"extended",180,13.816
FALSE,"local",180,2.508
FALSE,"metro",180,3.1476
TRUE,"standard",180,2.2192
FALSE,"budget",181,1.6154
FALSE,"extended",181,13.816
FALSE,"local",181,2.3204
FALSE,"metro",181,13.816
TRUE,"standard",181,1.7544
TRUE,"budget",182,2.1518
FALSE,"extended",182,13.816
FALSE,"local",182,2.3204
FALSE,"metro",182,13.816
FALSE,"standard",182,1.9601
TRUE,"budget",183,1.9629
FALSE,"extended",183,13.816
FALSE,"local",183,2.3204
FALSE,"metro",183,13.816
FALSE,"standard",183,1.7544
FALSE,"budget",184,2.3321
FALSE,"extended",184,13.816
FALSE,"local",184,2.3204
FALSE,"metro",184,13.816
TRUE,"standard",184,2.1748
TRUE,"budget",185,2.0707
FALSE,"extended",185,13.816
FALSE,"local",185,2.3204
FALSE,"metro",185,13.816
FALSE,"standard",185,1.861
FALSE,"budget",186,1.6487
FALSE,"extended",186,13.816
FALSE,"local",186,2.3204
FALSE,"metro",186,13.816
TRUE,"standard",186,1.7544
FALSE,"budget",187,2.451
FALSE,"extended",187,13.816
TRUE,"local",187,2.3204
FALSE,"metro",187,13.816
FALSE,"standard",187,2.3125
FALSE,"budget",188,3.2193
FALSE,"extended",188,13.816
TRUE,"local",188,2.3204
FALSE,"metro",188,13.816
FALSE,"standard",188,3.1574
FALSE,"budget",189,1.1878
FALSE,"extended",189,13.816
TRUE,"local",189,2.3204
FALSE,"metro",189,3.3422
FALSE,"standard",189,1.7544
FALSE,"budget",190,2.0656
FALSE,"extended",190,13.816
FALSE,"local",190,2.6433
FALSE,"metro",190,3.3422
TRUE,"standard",190,1.8547
FALSE,"budget",191,1.2296
FALSE,"extended",191,13.816
TRUE,"local",191,2.3204
FALSE,"metro",191,3.3422
FALSE,"standard",191,1.7544
FALSE,"budget",192,1.5581
FALSE,"extended",192,13.816
TRUE,"local",192,2.431
FALSE,"metro",192,3.3422
FALSE,"standard",192,1.7544
TRUE,"budget",193,1.7174
FALSE,"extended",193,13.816
FALSE,"local",193,2.4949
FALSE,"metro",193,3.3422
FALSE,"standard",193,1.7544
FALSE,"budget",194,1.8213
FALSE,"extended",194,13.816
TRUE,"local",194,2.3204
FALSE,"metro",194,3.3422
FALSE,"standard",194,1.7544
FALSE,"budget",195,1.5151
FALSE,"extended",195,13.816
TRUE,"local",195,2.3447
FALSE,"metro",195,3.3422
FALSE,"standard",195,1.7544
FALSE,"budget",196,2.3418
FALSE,"extended",196,13.816
TRUE,"local",196,2.6376
FALSE,"metro",196,3.3422
FALSE,"standard",196,2.1861
FALSE,"budget",197,2.694
FALSE,"extended",197,13.816
TRUE,"local",197,2.9892
FALSE,"metro",197,3.3422
FALSE,"standard",197,2.587
FALSE,"budget",198,1.5831
FALSE,"extended",198,13.816
TRUE,"local",198,2.4476
FALSE,"metro",198,3.3422
FALSE,"standard",198,1.7544
TRUE,"budget",199,1.85
FALSE,"extended",199,13.816
FALSE,"local",199,2.5177
FALSE,"metro",199,3.1476
FALSE,"standard",199,1.7544
FALSE,"budget",200,1.7544
FALSE,"extended",200,13.816
FALSE,"local",200,2.5967
FALSE,"metro",200,3.1476
TRUE,"standard",200,1.7544
TRUE,"budget",201,2.1518
FALSE,"extended",201,13.816
FALSE,"local",201,2.6167
FALSE,"metro",201,3.1476
FALSE,"standard",201,1.9601
FALSE,"budget",202,3.3474
FALSE,"extended",202,13.816
FALSE,"local",202,3.5056
TRUE,"metro",202,3.1476
FALSE,"standard",202,3.2932
TRUE,"budget",203,1.6154
FALSE,"extended",203,13.816
FALSE,"local",203,2.5273
FALSE,"metro",203,3.1476
FALSE,"standard",203,1.7544
FALSE,"budget",204,2.4292
FALSE,"extended",204,13.816
FALSE,"local",204,2.5572
FALSE,"metro",204,3.1476
TRUE,"standard",204,2.2875
TRUE,"budget",205,1.9961
FALSE,"extended",205,13.816
FALSE,"local",205,2.1377
FALSE,"metro",205,13.816
FALSE,"standard",205,1.7681
FALSE,"budget",206,2.1054
FALSE,"extended",206,13.816
TRUE,"local",206,2.1377
FALSE,"metro",206,13.816
FALSE,"standard",206,1.9036
FALSE,"budget",207,1.7246
FALSE,"extended",207,13.816
FALSE,"local",207,2.1377
FALSE,"metro",207,13.816
TRUE,"standard",207,1.7544
FALSE,"budget",208,2.0919
FALSE,"extended",208,13.816
FALSE,"local",208,2.1377
FALSE,"metro",208,13.816
TRUE,"standard",208,1.8871
TRUE,"budget",209,1.662
FALSE,"extended",209,13.816
FALSE,"local",209,2.1377
FALSE,"metro",209,13.816
FALSE,"standard",209,1.7544
FALSE,"budget",210,1.3083
FALSE,"extended",210,13.816
TRUE,"local",210,2.1377
FALSE,"metro",210,13.816
FALSE,"standard",210,1.7544
FALSE,"budget",211,2.7726
FALSE,"extended",211,13.816
FALSE,"local",211,2.8628
TRUE,"metro",211,3.1476
FALSE,"standard",211,2.6741
FALSE,"budget",212,3.788
FALSE,"extended",212,13.816
FALSE,"local",212,3.5957
TRUE,"metro",212,3.1476
FALSE,"standard",212,3.7535
FALSE,"budget",213,2.2607
FALSE,"extended",213,13.816
FALSE,"local",213,2.508
FALSE,"metro",213,3.1476
TRUE,"standard",213,2.0906
FALSE,"budget",214,1.8579
FALSE,"extended",214,13.816
FALSE,"local",214,2.5289
FALSE,"metro",214,3.1476
TRUE,"standard",214,1.7544
FALSE,"budget",215,1.831
FALSE,"extended",215,13.816
TRUE,"local",215,2.5193
FALSE,"metro",215,3.1476
FALSE,"standard",215,1.7544
FALSE,"budget",216,3.6009
FALSE,"extended",216,13.816
FALSE,"local",216,2.7701
TRUE,"metro",216,3.1476
FALSE,"standard",216,3.5591
FALSE,"budget",217,1.6429
FALSE,"extended",217,13.816
FALSE,"local",217,2.508
FALSE,"metro",217,3.1476
TRUE,"standard",217,1.7544
FALSE,"budget",218,1.9387
FALSE,"extended",218,13.816
FALSE,"local",218,2.508
FALSE,"metro",218,3.1476
TRUE,"standard",218,1.7544
FALSE,"budget",219,1.6487
FALSE,"extended",219,13.816
TRUE,"local",219,2.4932
FALSE,"metro",219,3.3422
FALSE,"standard",219,1.7544
FALSE,"budget",220,1.2698
FALSE,"extended",220,13.816
FALSE,"local",220,2.3204
FALSE,"metro",220,3.3422
TRUE,"standard",220,1.7544
TRUE,"budget",221,1.6467
FALSE,"extended",221,13.816
FALSE,"local",221,2.4807
FALSE,"metro",221,3.3422
FALSE,"standard",221,1.7544
FALSE,"budget",222,1.3083
FALSE,"extended",222,13.816
TRUE,"local",222,2.3204
FALSE,"metro",222,3.3422
FALSE,"standard",222,1.7544
FALSE,"budget",223,3.0426
FALSE,"extended",223,13.816
FALSE,"local",223,3.1532
TRUE,"metro",223,3.3422
FALSE,"standard",223,2.9684
FALSE,"budget",224,1.1878
FALSE,"extended",224,13.816
TRUE,"local",224,2.3204
FALSE,"metro",224,3.3422
FALSE,"standard",224,1.7544
FALSE,"budget",225,1.679
FALSE,"extended",225,13.816
TRUE,"local",225,2.4536
FALSE,"metro",225,3.3422
FALSE,"standard",225,1.7544
TRUE,"budget",226,1.9459
FALSE,"extended",226,13.816
FALSE,"local",226,2.599
FALSE,"metro",226,3.3422
FALSE,"standard",226,1.7544
FALSE,"budget",227,1.5728
FALSE,"extended",227,13.816
FALSE,"local",227,2.4553
TRUE,"metro",227,3.3422
FALSE,"standard",227,1.7544
FALSE,"budget",228,2.195
FALSE,"extended",228,13.816
FALSE,"local",228,2.6776
TRUE,"metro",228,3.3422
FALSE,"standard",228,2.0122
FALSE,"budget",229,2.4639
FALSE,"extended",229,13.816
TRUE,"local",229,2.508
FALSE,"metro",229,3.1476
FALSE,"standard",229,2.3273
FALSE,"budget",230,3.0297
FALSE,"extended",230,13.816
TRUE,"local",230,2.5703
FALSE,"metro",230,3.1476
FALSE,"standard",230,2.9544
TRUE,"budget",231,1.5261
FALSE,"extended",231,13.816
FALSE,"local",231,2.568
FALSE,"metro",231,3.1476
FALSE,"standard",231,1.7544
FALSE,"budget",232,2.735
FALSE,"extended",232,13.816
FALSE,"local",232,2.8124
TRUE,"metro",232,3.1476
FALSE,"standard",232,2.6326
FALSE,"budget",233,3.5172
FALSE,"extended",233,13.816
FALSE,"local",233,3.6168
TRUE,"metro",233,3.1476
FALSE,"standard",233,3.4717
TRUE,"budget",234,2.7587
FALSE,"extended",234,13.816
FALSE,"local",234,2.5241
FALSE,"metro",234,3.1476
FALSE,"standard",234,2.6589
FALSE,"budget",235,1.9387
FALSE,"extended",235,13.816
FALSE,"local",235,2.5145
FALSE,"metro",235,3.1476
TRUE,"standard",235,1.7544
FALSE,"budget",236,1.9657
FALSE,"extended",236,13.816
TRUE,"local",236,2.508
FALSE,"metro",236,3.1476
FALSE,"standard",236,1.7544
FALSE,"budget",237,2.0321
FALSE,"extended",237,13.816
FALSE,"local",237,2.4924
FALSE,"metro",237,3.6449
TRUE,"standard",237,2.2396
TRUE,"budget",238,3.3742
FALSE,"extended",238,13.816
FALSE,"local",238,3.4794
FALSE,"metro",238,3.6449
FALSE,"standard",238,3.3925
FALSE,"budget",239,1.1878
FALSE,"extended",239,13.816
TRUE,"local",239,2.1377
FALSE,"metro",239,3.6449
FALSE,"standard",239,1.7544
FALSE,"budget",240,3.7138
FALSE,"extended",240,13.816
TRUE,"local",240,3.4494
FALSE,"metro",240,3.6449
FALSE,"standard",240,3.6766
FALSE,"budget",241,2.2094
FALSE,"extended",241,13.816
FALSE,"local",241,2.5233
FALSE,"metro",241,3.6449
TRUE,"standard",241,2.2793
FALSE,"budget",242,2.3194
FALSE,"extended",242,13.816
TRUE,"local",242,2.551
FALSE,"metro",242,3.6449
FALSE,"standard",242,2.3145
FALSE,"budget",243,2.4248
FALSE,"extended",243,13.816
FALSE,"local",243,2.5878
FALSE,"metro",243,3.1476
TRUE,"standard",243,2.2824
FALSE,"budget",244,3.1368
FALSE,"extended",244,13.816
TRUE,"local",244,2.5975
FALSE,"metro",244,3.1476
FALSE,"standard",244,3.0694
FALSE,"budget",245,1.8749
FALSE,"extended",245,13.816
TRUE,"local",245,2.5353
FALSE,"metro",245,3.1476
FALSE,"standard",245,1.7544
TRUE,"budget",246,1.5728
FALSE,"extended",246,13.816
FALSE,"local",246,2.1377
FALSE,"metro",246,3.6449
FALSE,"standard",246,1.7544
FALSE,"budget",247,2.1199
FALSE,"extended",247,13.816
FALSE,"local",247,2.1377
FALSE,"metro",247,3.6449
TRUE,"standard",247,1.9213
FALSE,"budget",248,1.6845
FALSE,"extended",248,13.816
FALSE,"local",248,2.1377
TRUE,"metro",248,3.6449
FALSE,"standard",248,1.7544
FALSE,"budget",249,2.7738
FALSE,"extended",249,13.816
FALSE,"local",249,2.1377
FALSE,"metro",249,3.6449
TRUE,"standard",249,2.6755
FALSE,"budget",250,1.4951
FALSE,"extended",250,13.816
FALSE,"local",250,2.5494
FALSE,"metro",250,3.1476
TRUE,"standard",250,1.7544
FALSE,"budget",251,1.6993
FALSE,"extended",251,13.816
TRUE,"local",251,2.508
FALSE,"metro",251,3.1476
FALSE,"standard",251,1.7544
FALSE,"budget",252,1.1878
FALSE,"extended",252,13.816
TRUE,"local",252,2.508
FALSE,"metro",252,3.1476
FALSE,"standard",252,1.7544
FALSE,"budget",253,1.6715
FALSE,"extended",253,13.816
FALSE,"local",253,2.5696
FALSE,"metro",253,3.1476
TRUE,"standard",253,1.7544
FALSE,"budget",254,1.6074
FALSE,"extended",254,13.816
TRUE,"local",254,2.5273
FALSE,"metro",254,3.1476
FALSE,"standard",254,1.7544
TRUE,"budget",255,1.9769
FALSE,"extended",255,13.816
FALSE,"local",255,2.5145
FALSE,"metro",255,3.1476
FALSE,"standard",255,1.7544
FALSE,"budget",256,3.5272
FALSE,"extended",256,13.816
TRUE,"local",256,2.5353
FALSE,"metro",256,3.1476
FALSE,"standard",256,3.4822
FALSE,"budget",257,1.3507
FALSE,"extended",257,13.816
FALSE,"local",257,2.5265
FALSE,"metro",257,3.1476
TRUE,"standard",257,1.7544
FALSE,"budget",258,3.6041
FALSE,"extended",258,13.816
TRUE,"local",258,2.1377
FALSE,"metro",258,13.816
FALSE,"standard",258,3.5625
FALSE,"budget",259,1.7699
FALSE,"extended",259,13.816
FALSE,"local",259,2.1377
FALSE,"metro",259,13.816
TRUE,"standard",259,1.7544
FALSE,"budget",260,1.9643
FALSE,"extended",260,13.816
FALSE,"local",260,2.508
FALSE,"metro",260,3.1476
TRUE,"standard",260,1.7544
FALSE,"budget",261,1.4996
FALSE,"extended",261,13.816
FALSE,"local",261,2.508
FALSE,"metro",261,3.1476
TRUE,"standard",261,1.7544
FALSE,"budget",262,1.7422
FALSE,"extended",262,13.816
FALSE,"local",262,2.5233
TRUE,"metro",262,3.1476
FALSE,"standard",262,1.7544
FALSE,"budget",263,2.246
FALSE,"extended",263,13.816
FALSE,"local",263,2.587
FALSE,"metro",263,3.1476
TRUE,"standard",263,2.0732
FALSE,"budget",264,1.1878
FALSE,"extended",264,13.816
TRUE,"local",264,2.508
FALSE,"metro",264,3.1476
FALSE,"standard",264,1.7544
FALSE,"budget",265,2.5908
FALSE,"extended",265,13.816
TRUE,"local",265,2.5161
FALSE,"metro",265,3.1476
FALSE,"standard",265,2.4715
FALSE,"budget",266,2.9221
FALSE,"extended",266,13.816
TRUE,"local",266,2.5885
FALSE,"metro",266,3.1476
FALSE,"standard",266,2.8379
TRUE,"budget",267,1.3635
FALSE,"extended",267,13.816
FALSE,"local",267,2.1377
FALSE,"metro",267,13.816
FALSE,"standard",267,1.7544
FALSE,"budget",268,2.0347
FALSE,"extended",268,13.816
TRUE,"local",268,2.1377
FALSE,"metro",268,13.816
FALSE,"standard",268,1.8165
FALSE,"budget",269,2.1713
FALSE,"extended",269,13.816
TRUE,"local",269,2.1377
FALSE,"metro",269,13.816
FALSE,"standard",269,1.9838
FALSE,"budget",270,1.7527
FALSE,"extended",270,13.816
FALSE,"local",270,2.5145
FALSE,"metro",270,3.1476
TRUE,"standard",270,1.7544
FALSE,"budget",271,1.4351
FALSE,"extended",271,13.816
TRUE,"local",271,2.3943
FALSE,"metro",271,3.3422
FALSE,"standard",271,1.7544
FALSE,"budget",272,2.2762
FALSE,"extended",272,13.816
TRUE,"local",272,2.5137
FALSE,"metro",272,3.3422
FALSE,"standard",272,2.109
FALSE,"budget",273,1.311
FALSE,"extended",273,13.816
FALSE,"local",273,2.3618
FALSE,"metro",273,3.3422
TRUE,"standard",273,1.7544
FALSE,"budget",274,1.5019
FALSE,"extended",274,13.816
FALSE,"local",274,2.3961
FALSE,"metro",274,3.3422
TRUE,"standard",274,1.7544
FALSE,"budget",275,1.4586
FALSE,"extended",275,13.816
TRUE,"local",275,2.3777
FALSE,"metro",275,3.3422
FALSE,"standard",275,1.7544
FALSE,"budget",276,1.763
FALSE,"extended",276,13.816
FALSE,"local",276,2.3851
FALSE,"metro",276,3.3422
TRUE,"standard",276,1.7544
FALSE,"budget",277,1.7457
FALSE,"extended",277,13.816
FALSE,"local",277,2.4613
FALSE,"metro",277,3.3422
TRUE,"standard",277,1.7544
FALSE,"budget",278,1.9685
FALSE,"extended",278,13.816
FALSE,"local",278,2.5416
TRUE,"metro",278,3.3422
FALSE,"standard",278,1.7544
FALSE,"budget",279,1.3218
FALSE,"extended",279,13.816
FALSE,"local",279,2.3321
FALSE,"metro",279,3.3422
TRUE,"standard",279,1.7544
TRUE,"budget",280,1.1878
FALSE,"extended",280,13.816
FALSE,"local",280,2.3204
FALSE,"metro",280,3.3422
FALSE,"standard",280,1.7544
FALSE,"budget",281,1.3888
FALSE,"extended",281,13.816
TRUE,"local",281,2.3302
FALSE,"metro",281,3.3422
FALSE,"standard",281,1.7544
FALSE,"budget",282,1.4702
FALSE,"extended",282,13.816
TRUE,"local",282,2.3988
FALSE,"metro",282,3.3422
FALSE,"standard",282,1.7544
FALSE,"budget",283,1.2698
FALSE,"extended",283,13.816
TRUE,"local",283,2.3204
FALSE,"metro",283,3.3422
FALSE,"standard",283,1.7544
FALSE,"budget",284,3.0146
FALSE,"extended",284,13.816
FALSE,"local",284,2.7556
TRUE,"metro",284,3.1476
FALSE,"standard",284,2.9381
FALSE,"budget",285,2.4706
FALSE,"extended",285,13.816
FALSE,"local",285,2.5749
FALSE,"metro",285,3.1476
TRUE,"standard",285,2.3351
FALSE,"budget",286,1.6563
FALSE,"extended",286,13.816
FALSE,"local",286,2.1377
FALSE,"metro",286,13.816
TRUE,"standard",286,1.7544
TRUE,"budget",287,1.2975
FALSE,"extended",287,13.816
FALSE,"local",287,2.1377
FALSE,"metro",287,13.816
FALSE,"standard",287,1.7544
FALSE,"budget",288,4.0008
FALSE,"extended",288,13.816
FALSE,"local",288,3.605
TRUE,"metro",288,3.1476
FALSE,"standard",288,3.9729
FALSE,"budget",289,1.9006
FALSE,"extended",289,13.816
FALSE,"local",289,2.5145
FALSE,"metro",289,3.1476
TRUE,"standard",289,1.7544
FALSE,"budget",290,1.9213
FALSE,"extended",290,13.816
FALSE,"local",290,2.508
FALSE,"metro",290,3.1476
TRUE,"standard",290,1.7544
FALSE,"budget",291,2.5321
FALSE,"extended",291,13.816
TRUE,"local",291,2.1377
FALSE,"metro",291,13.816
FALSE,"standard",291,2.4051
FALSE,"budget",292,1.3987
FALSE,"extended",292,13.816
TRUE,"local",292,2.1377
FALSE,"metro",292,13.816
FALSE,"standard",292,1.7544
TRUE,"budget",293,1.5644
FALSE,"extended",293,13.816
FALSE,"local",293,2.508
FALSE,"metro",293,3.1476
FALSE,"standard",293,1.7544
FALSE,"budget",294,2.8713
FALSE,"extended",294,13.816
TRUE,"local",294,2.8154
FALSE,"metro",294,3.1476
FALSE,"standard",294,2.7825
FALSE,"budget",295,2.9365
FALSE,"extended",295,13.816
FALSE,"local",295,3.2363
TRUE,"metro",295,3.3422
FALSE,"standard",295,2.8536
FALSE,"budget",296,2.6518
FALSE,"extended",296,13.816
TRUE,"local",296,2.8848
FALSE,"metro",296,3.3422
FALSE,"standard",296,2.54
FALSE,"budget",297,2.4397
FALSE,"extended",297,13.816
TRUE,"local",297,2.8976
FALSE,"metro",297,3.3422
FALSE,"standard",297,2.2996
FALSE,"budget",298,1.477
FALSE,"extended",298,13.816
TRUE,"local",298,2.3656
FALSE,"metro",298,3.3422
FALSE,"standard",298,1.7544
FALSE,"budget",299,1.3913
FALSE,"extended",299,13.816
TRUE,"local",299,2.3712
FALSE,"metro",299,3.3422
FALSE,"standard",299,1.7544
FALSE,"budget",300,3.3891
FALSE,"extended",300,13.816
FALSE,"local",300,3.5219
TRUE,"metro",300,3.3422
FALSE,"standard",300,3.3372
FALSE,"budget",301,2.0882
FALSE,"extended",301,13.816
TRUE,"local",301,2.6108
FALSE,"metro",301,3.3422
FALSE,"standard",301,1.8825
FALSE,"budget",302,1.5412
FALSE,"extended",302,13.816
TRUE,"local",302,2.4239
FALSE,"metro",302,3.3422
FALSE,"standard",302,1.7544
FALSE,"budget",303,2.431
FALSE,"extended",303,13.816
FALSE,"local",303,2.6933
TRUE,"metro",303,3.3422
FALSE,"standard",303,2.2895
TRUE,"budget",304,1.2238
FALSE,"extended",304,13.816
FALSE,"local",304,2.3321
FALSE,"metro",304,3.3422
FALSE,"standard",304,1.7544
FALSE,"budget",305,1.7867
FALSE,"extended",305,13.816
FALSE,"local",305,2.4553
TRUE,"metro",305,3.3422
FALSE,"standard",305,1.7544
FALSE,"budget",306,1.8718
FALSE,"extended",306,13.816
FALSE,"local",306,2.5795
TRUE,"metro",306,3.3422
FALSE,"standard",306,1.7544
FALSE,"budget",307,1.3863
FALSE,"extended",307,13.816
FALSE,"local",307,2.3758
FALSE,"metro",307,3.3422
TRUE,"standard",307,1.7544
FALSE,"budget",308,2.6906
FALSE,"extended",308,13.816
FALSE,"local",308,3.0745
TRUE,"metro",308,3.3422
FALSE,"standard",308,2.5832
FALSE,"budget",309,1.3002
FALSE,"extended",309,13.816
TRUE,"local",309,2.338
FALSE,"metro",309,3.3422
FALSE,"standard",309,1.7544
FALSE,"budget",310,2.4757
FALSE,"extended",310,13.816
TRUE,"local",310,2.8753
FALSE,"metro",310,3.3422
FALSE,"standard",310,2.3408
FALSE,"budget",311,1.7047
FALSE,"extended",311,13.816
TRUE,"local",311,2.3674
FALSE,"metro",311,3.3422
FALSE,"standard",311,1.7544
FALSE,"budget",312,2.1029
FALSE,"extended",312,13.816
TRUE,"local",312,2.5337
FALSE,"metro",312,3.3422
FALSE,"standard",312,1.9006
FALSE,"budget",313,1.4159
FALSE,"extended",313,13.816
TRUE,"local",313,2.3447
FALSE,"metro",313,3.3422
FALSE,"standard",313,1.7544
FALSE,"budget",314,1.5454
FALSE,"extended",314,13.816
TRUE,"local",314,2.423
FALSE,"metro",314,3.3422
FALSE,"standard",314,1.7544
FALSE,"budget",315,1.3191
FALSE,"extended",315,13.816
FALSE,"local",315,2.3646
FALSE,"metro",315,3.3422
TRUE,"standard",315,1.7544
FALSE,"budget",316,3.0704
FALSE,"extended",316,13.816
FALSE,"local",316,3.2824
TRUE,"metro",316,3.3422
FALSE,"standard",316,2.9982
FALSE,"budget",317,1.8181
FALSE,"extended",317,13.816
TRUE,"local",317,2.5145
FALSE,"metro",317,3.3422
FALSE,"standard",317,1.7544
FALSE,"budget",318,1.3987
FALSE,"extended",318,13.816
TRUE,"local",318,2.3204
FALSE,"metro",318,3.3422
FALSE,"standard",318,1.7544
TRUE,"budget",319,1.2782
FALSE,"extended",319,13.816
FALSE,"local",319,2.3437
FALSE,"metro",319,3.3422
FALSE,"standard",319,1.7544
FALSE,"budget",320,1.2119
FALSE,"extended",320,13.816
TRUE,"local",320,2.3283
FALSE,"metro",320,3.3422
FALSE,"standard",320,1.7544
FALSE,"budget",321,2.9601
FALSE,"extended",321,13.816
FALSE,"local",321,3.1166
TRUE,"metro",321,3.3422
FALSE,"standard",321,2.8792
TRUE,"budget",322,1.4609
FALSE,"extended",322,13.816
FALSE,"local",322,2.4105
FALSE,"metro",322,3.3422
FALSE,"standard",322,1.7544
TRUE,"budget",323,1.209
FALSE,"extended",323,13.816
FALSE,"local",323,2.3204
FALSE,"metro",323,3.3422
FALSE,"standard",323,1.7544
FALSE,"budget",324,1.1878
FALSE,"extended",324,13.816
FALSE,"local",324,2.3204
FALSE,"metro",324,3.3422
TRUE,"standard",324,1.7544
FALSE,"budget",325,2.2986
FALSE,"extended",325,13.816
FALSE,"local",325,2.508
FALSE,"metro",325,3.1476
TRUE,"standard",325,2.1353
FALSE,"budget",326,1.4996
FALSE,"extended",326,13.816
FALSE,"local",326,2.5177
FALSE,"metro",326,3.1476
TRUE,"standard",326,1.7544
FALSE,"budget",327,2.3321
FALSE,"extended",327,13.816
FALSE,"local",327,2.5518
TRUE,"metro",327,3.1476
FALSE,"standard",327,2.1748
FALSE,"budget",328,3.7138
FALSE,"extended",328,13.816
TRUE,"local",328,2.508
FALSE,"metro",328,3.1476
FALSE,"standard",328,3.6766
TRUE,"budget",329,1.7817
FALSE,"extended",329,13.816
FALSE,"local",329,2.508
FALSE,"metro",329,3.1476
FALSE,"standard",329,1.7544
FALSE,"budget",330,2.8719
FALSE,"extended",330,13.816
FALSE,"local",330,3.2145
TRUE,"metro",330,3.1476
FALSE,"standard",330,2.7832
FALSE,"budget",331,1.8901
FALSE,"extended",331,13.816
FALSE,"local",331,2.3204
FALSE,"metro",331,13.816
TRUE,"standard",331,1.7544
TRUE,"budget",332,1.7867
FALSE,"extended",332,13.816
FALSE,"local",332,2.3204
FALSE,"metro",332,13.816
FALSE,"standard",332,1.7544
FALSE,"budget",333,2.6218
FALSE,"extended",333,13.816
FALSE,"local",333,2.3204
FALSE,"metro",333,13.816
TRUE,"standard",333,2.5063
FALSE,"budget",334,1.3888
FALSE,"extended",334,13.816
TRUE,"local",334,2.3204
FALSE,"metro",334,13.816
FALSE,"standard",334,1.7544
TRUE,"budget",335,1.5644
FALSE,"extended",335,13.816
FALSE,"local",335,2.3204
FALSE,"metro",335,13.816
FALSE,"standard",335,1.7544
FALSE,"budget",336,1.8856
FALSE,"extended",336,13.816
FALSE,"local",336,2.3204
FALSE,"metro",336,13.816
TRUE,"standard",336,1.7544
FALSE,"budget",337,1.579
FALSE,"extended",337,13.816
FALSE,"local",337,2.3204
FALSE,"metro",337,13.816
TRUE,"standard",337,1.7544
FALSE,"budget",338,2.3646
FALSE,"extended",338,13.816
TRUE,"local",338,2.3204
FALSE,"metro",338,13.816
FALSE,"standard",338,2.2127
FALSE,"budget",339,2.133
FALSE,"extended",339,13.816
TRUE,"local",339,2.1377
FALSE,"metro",339,13.816
FALSE,"standard",339,1.9373
TRUE,"budget",340,1.2296
FALSE,"extended",340,13.816
FALSE,"local",340,2.1377
FALSE,"metro",340,13.816
FALSE,"standard",340,1.7544
FALSE,"budget",341,2.4949
FALSE,"extended",341,13.816
TRUE,"local",341,2.1377
FALSE,"metro",341,13.816
FALSE,"standard",341,2.3627
FALSE,"budget",342,1.6696
FALSE,"extended",342,13.816
FALSE,"local",342,2.1377
FALSE,"metro",342,13.816
TRUE,"standard",342,1.7544
FALSE,"budget",343,1.5282
FALSE,"extended",343,13.816
FALSE,"local",343,2.1377
FALSE,"metro",343,13.816
TRUE,"standard",343,1.7544
FALSE,"budget",344,2.6762
FALSE,"extended",344,13.816
TRUE,"local",344,2.3204
FALSE,"metro",344,13.816
FALSE,"standard",344,2.5673
FALSE,"budget",345,1.9286
FALSE,"extended",345,13.816
FALSE,"local",345,2.3204
FALSE,"metro",345,13.816
TRUE,"standard",345,1.7544
FALSE,"budget",346,2.0931
FALSE,"extended",346,13.816
TRUE,"local",346,2.1377
FALSE,"metro",346,13.816
FALSE,"standard",346,1.8886
FALSE,"budget",347,2.4301
FALSE,"extended",347,13.816
TRUE,"local",347,2.1377
FALSE,"metro",347,13.816
FALSE,"standard",347,2.2885
FALSE,"budget",348,2.544
FALSE,"extended",348,13.816
TRUE,"local",348,2.1377
FALSE,"metro",348,13.816
FALSE,"standard",348,2.4186
FALSE,"budget",349,2.4283
FALSE,"extended",349,13.816
FALSE,"local",349,2.1377
FALSE,"metro",349,13.816
TRUE,"standard",349,2.2865
FALSE,"budget",350,1.8017
FALSE,"extended",350,13.816
FALSE,"local",350,2.1377
FALSE,"metro",350,13.816
TRUE,"standard",350,1.7544
FALSE,"budget",351,1.7834
FALSE,"extended",351,13.816
TRUE,"local",351,2.1377
FALSE,"metro",351,13.816
FALSE,"standard",351,1.7544
FALSE,"budget",352,1.7934
FALSE,"extended",352,13.816
FALSE,"local",352,2.1377
FALSE,"metro",352,13.816
TRUE,"standard",352,1.7544
TRUE,"budget",353,2.2513
FALSE,"extended",353,13.816
FALSE,"local",353,2.1377
FALSE,"metro",353,13.816
FALSE,"standard",353,2.0794
FALSE,"budget",354,1.7934
FALSE,"extended",354,13.816
FALSE,"local",354,2.1377
FALSE,"metro",354,13.816
TRUE,"standard",354,1.7544
FALSE,"budget",355,2.0968
FALSE,"extended",355,13.816
FALSE,"local",355,2.1377
FALSE,"metro",355,13.816
TRUE,"standard",355,1.8931
FALSE,"budget",356,1.7457
FALSE,"extended",356,13.816
TRUE,"local",356,2.1377
FALSE,"metro",356,13.816
FALSE,"standard",356,1.7544
FALSE,"budget",357,1.7138
FALSE,"extended",357,13.816
FALSE,"local",357,2.3204
FALSE,"metro",357,13.816
TRUE,"standard",357,1.7544
FALSE,"budget",358,1.775
FALSE,"extended",358,13.816
FALSE,"local",358,2.3204
FALSE,"metro",358,13.816
TRUE,"standard",358,1.7544
FALSE,"budget",359,2.7087
FALSE,"extended",359,13.816
TRUE,"local",359,2.3204
FALSE,"metro",359,13.816
FALSE,"standard",359,2.6034
FALSE,"budget",360,1.4327
FALSE,"extended",360,13.816
FALSE,"local",360,2.3204
FALSE,"metro",360,13.816
TRUE,"standard",360,1.7544
FALSE,"budget",361,1.8099
FALSE,"extended",361,13.816
FALSE,"local",361,2.3204
FALSE,"metro",361,13.816
TRUE,"standard",361,1.7544
FALSE,"budget",362,1.7984
FALSE,"extended",362,13.816
TRUE,"local",362,2.3204
FALSE,"metro",362,13.816
FALSE,"standard",362,1.7544
FALSE,"budget",363,2.3906
FALSE,"extended",363,13.816
FALSE,"local",363,2.3204
FALSE,"metro",363,13.816
TRUE,"standard",363,2.2428
FALSE,"budget",364,2.4042
FALSE,"extended",364,13.816
TRUE,"local",364,2.3204
FALSE,"metro",364,13.816
FALSE,"standard",364,2.2586
FALSE,"budget",365,2.2976
FALSE,"extended",365,13.816
FALSE,"local",365,2.3204
FALSE,"metro",365,13.816
TRUE,"standard",365,2.1342
FALSE,"budget",366,1.8099
FALSE,"extended",366,13.816
FALSE,"local",366,2.3204
FALSE,"metro",366,13.816
TRUE,"standard",366,1.7544
FALSE,"budget",367,1.8579
FALSE,"extended",367,13.816
FALSE,"local",367,2.1377
FALSE,"metro",367,13.816
TRUE,"standard",367,1.7544
TRUE,"budget",368,1.763
FALSE,"extended",368,13.816
FALSE,"local",368,2.1377
FALSE,"metro",368,13.816
FALSE,"standard",368,1.7544
FALSE,"budget",369,2.267
FALSE,"extended",369,13.816
TRUE,"local",369,2.1377
FALSE,"metro",369,13.816
FALSE,"standard",369,2.098
TRUE,"budget",370,1.5282
FALSE,"extended",370,13.816
FALSE,"local",370,2.1377
FALSE,"metro",370,13.816
FALSE,"standard",370,1.7544
FALSE,"budget",371,1.6752
FALSE,"extended",371,13.816
FALSE,"local",371,2.1377
FALSE,"metro",371,13.816
TRUE,"standard",371,1.7544
FALSE,"budget",372,1.7263
FALSE,"extended",372,13.816
FALSE,"local",372,2.1377
FALSE,"metro",372,13.816
TRUE,"standard",372,1.7544
FALSE,"budget",373,2.5665
FALSE,"extended",373,13.816
FALSE,"local",373,2.1377
FALSE,"metro",373,13.816
TRUE,"standard",373,2.4441
TRUE,"budget",374,2.5741
FALSE,"extended",374,13.816
FALSE,"local",374,2.1377
FALSE,"metro",374,13.816
FALSE,"standard",374,2.4527
TRUE,"budget",375,1.6696
FALSE,"extended",375,13.816
FALSE,"local",375,2.3204
FALSE,"metro",375,13.816
FALSE,"standard",375,1.7544
FALSE,"budget",376,1.7851
FALSE,"extended",376,13.816
FALSE,"local",376,2.3204
FALSE,"metro",376,13.816
TRUE,"standard",376,1.7544
FALSE,"budget",377,2.1029
FALSE,"extended",377,13.816
TRUE,"local",377,2.3204
FALSE,"metro",377,13.816
FALSE,"standard",377,1.9006
FALSE,"budget",378,1.9036
FALSE,"extended",378,13.816
FALSE,"local",378,2.3204
FALSE,"metro",378,13.816
TRUE,"standard",378,1.7544
FALSE,"budget",379,2.0769
FALSE,"extended",379,13.816
FALSE,"local",379,2.3204
FALSE,"metro",379,13.816
TRUE,"standard",379,1.8687
FALSE,"budget",380,2.0968
FALSE,"extended",380,13.816
FALSE,"local",380,2.3204
FALSE,"metro",380,13.816
TRUE,"standard",380,1.8931
TRUE,"budget",381,1.3481
FALSE,"extended",381,13.816
FALSE,"local",381,2.3204
FALSE,"metro",381,13.816
FALSE,"standard",381,1.7544
FALSE,"budget",382,1.4884
FALSE,"extended",382,13.816
FALSE,"local",382,2.3204
FALSE,"metro",382,13.816
TRUE,"standard",382,1.7544
TRUE,"budget",383,1.8976
FALSE,"extended",383,13.816
FALSE,"local",383,2.3204
FALSE,"metro",383,13.816
FALSE,"standard",383,1.7544
TRUE,"budget",384,1.4327
FALSE,"extended",384,13.816
FALSE,"local",384,2.3204
FALSE,"metro",384,13.816
FALSE,"standard",384,1.7544
FALSE,"budget",385,1.8718
FALSE,"extended",385,13.816
FALSE,"local",385,2.3204
FALSE,"metro",385,13.816
TRUE,"standard",385,1.7544
FALSE,"budget",386,1.4816
FALSE,"extended",386,13.816
TRUE,"local",386,2.3204
FALSE,"metro",386,13.816
FALSE,"standard",386,1.7544
TRUE,"budget",387,1.5041
FALSE,"extended",387,13.816
FALSE,"local",387,2.3204
FALSE,"metro",387,13.816
FALSE,"standard",387,1.7544
FALSE,"budget",388,2.0308
FALSE,"extended",388,13.816
TRUE,"local",388,2.3204
FALSE,"metro",388,13.816
FALSE,"standard",388,1.8116
FALSE,"budget",389,1.8871
FALSE,"extended",389,13.816
TRUE,"local",389,2.3204
FALSE,"metro",389,13.816
FALSE,"standard",389,1.7544
FALSE,"budget",390,1.914
FALSE,"extended",390,13.816
FALSE,"local",390,2.3204
FALSE,"metro",390,13.816
TRUE,"standard",390,1.7544
FALSE,"budget",391,1.9685
FALSE,"extended",391,13.816
FALSE,"local",391,2.3204
FALSE,"metro",391,13.816
TRUE,"standard",391,1.7544
FALSE,"budget",392,3.1254
FALSE,"extended",392,13.816
TRUE,"local",392,2.3204
FALSE,"metro",392,13.816
FALSE,"standard",392,3.0573
FALSE,"budget",393,1.2296
FALSE,"extended",393,13.816
FALSE,"local",393,2.3204
FALSE,"metro",393,13.816
TRUE,"standard",393,1.7544
FALSE,"budget",394,1.9257
FALSE,"extended",394,13.816
FALSE,"local",394,2.1377
FALSE,"metro",394,13.816
TRUE,"standard",394,1.7544
TRUE,"budget",395,1.4351
FALSE,"extended",395,13.816
FALSE,"local",395,2.1377
FALSE,"metro",395,13.816
FALSE,"standard",395,1.7544
FALSE,"budget",396,2.5953
FALSE,"extended",396,13.816
FALSE,"local",396,2.1377
FALSE,"metro",396,13.816
TRUE,"standard",396,2.4765
FALSE,"budget",397,2.0618
FALSE,"extended",397,13.816
FALSE,"local",397,2.1377
FALSE,"metro",397,13.816
TRUE,"standard",397,1.85
FALSE,"budget",398,1.8165
FALSE,"extended",398,13.816
FALSE,"local",398,2.1377
FALSE,"metro",398,13.816
TRUE,"standard",398,1.7544
FALSE,"budget",399,1.8165
FALSE,"extended",399,13.816
FALSE,"local",399,2.1377
FALSE,"metro",399,13.816
TRUE,"standard",399,1.7544
FALSE,"budget",400,1.981
FALSE,"extended",400,13.816
FALSE,"local",400,2.1377
FALSE,"metro",400,13.816
TRUE,"standard",400,1.7544
FALSE,"budget",401,1.6487
FALSE,"extended",401,13.816
FALSE,"local",401,2.1377
FALSE,"metro",401,13.816
TRUE,"standard",401,1.7544
TRUE,"budget",402,1.7681
FALSE,"extended",402,13.816
FALSE,"local",402,2.1377
FALSE,"metro",402,13.816
FALSE,"standard",402,1.7544
FALSE,"budget",403,2.4579
FALSE,"extended",403,13.816
TRUE,"local",403,1.9502
FALSE,"metro",403,13.816
FALSE,"standard",403,2.3204
FALSE,"budget",404,2.0669
FALSE,"extended",404,13.816
TRUE,"local",404,1.9502
FALSE,"metro",404,13.816
FALSE,"standard",404,1.8563
FALSE,"budget",405,2.8414
FALSE,"extended",405,13.816
TRUE,"local",405,1.9502
FALSE,"metro",405,13.816
FALSE,"standard",405,2.7498
FALSE,"budget",406,1.5872
FALSE,"extended",406,13.816
TRUE,"local",406,1.9502
FALSE,"metro",406,13.816
FALSE,"standard",406,1.7544
FALSE,"budget",407,1.4656
FALSE,"extended",407,13.816
TRUE,"local",407,1.9502
FALSE,"metro",407,13.816
FALSE,"standard",407,1.7544
FALSE,"budget",408,2.6159
FALSE,"extended",408,13.816
TRUE,"local",408,1.9502
FALSE,"metro",408,13.816
FALSE,"standard",408,2.4998
FALSE,"budget",409,1.9459
FALSE,"extended",409,13.816
TRUE,"local",409,1.9502
FALSE,"metro",409,13.816
FALSE,"standard",409,1.7544
FALSE,"budget",410,2.2659
FALSE,"extended",410,13.816
TRUE,"local",410,1.9502
FALSE,"metro",410,13.816
FALSE,"standard",410,2.0968
FALSE,"budget",411,1.3271
FALSE,"extended",411,13.816
FALSE,"local",411,1.9502
FALSE,"metro",411,13.816
TRUE,"standard",411,1.7544
FALSE,"budget",412,1.9125
FALSE,"extended",412,13.816
TRUE,"local",412,1.9502
FALSE,"metro",412,13.816
FALSE,"standard",412,1.7544
FALSE,"budget",413,1.7228
FALSE,"extended",413,13.816
FALSE,"local",413,1.9502
FALSE,"metro",413,13.816
TRUE,"standard",413,1.7544
FALSE,"budget",414,2.7479
FALSE,"extended",414,13.816
FALSE,"local",414,1.9502
FALSE,"metro",414,13.816
TRUE,"standard",414,2.6469
FALSE,"budget",415,2.2597
FALSE,"extended",415,13.816
TRUE,"local",415,1.9502
FALSE,"metro",415,13.816
FALSE,"standard",415,2.0894
FALSE,"budget",416,1.6292
FALSE,"extended",416,13.816
TRUE,"local",416,1.9502
FALSE,"metro",416,13.816
FALSE,"standard",416,1.7544
FALSE,"budget",417,2.1017
FALSE,"extended",417,13.816
TRUE,"local",417,1.9502
FALSE,"metro",417,13.816
FALSE,"standard",417,1.8991
FALSE,"budget",418,2.9826
FALSE,"extended",418,13.816
TRUE,"local",418,1.9502
FALSE,"metro",418,13.816
FALSE,"standard",418,2.9036
TRUE,"budget",419,1.6808
FALSE,"extended",419,13.816
FALSE,"local",419,1.9502
FALSE,"metro",419,13.816
FALSE,"standard",419,1.7544
FALSE,"budget",420,2.4982
FALSE,"extended",420,13.816
TRUE,"local",420,1.9502
FALSE,"metro",420,13.816
FALSE,"standard",420,2.3665
FALSE,"budget",421,2.1815
FALSE,"extended",421,13.816
TRUE,"local",421,1.9502
FALSE,"metro",421,13.816
FALSE,"standard",421,1.9961
FALSE,"budget",422,1.4351
FALSE,"extended",422,13.816
FALSE,"local",422,1.9502
FALSE,"metro",422,13.816
TRUE,"standard",422,1.7544
TRUE,"budget",423,1.4725
FALSE,"extended",423,13.816
FALSE,"local",423,1.9502
FALSE,"metro",423,13.816
FALSE,"standard",423,1.7544
TRUE,"budget",424,2.2555
FALSE,"extended",424,13.816
FALSE,"local",424,1.9502
FALSE,"metro",424,13.816
FALSE,"standard",424,2.0844
FALSE,"budget",425,2.2192
FALSE,"extended",425,13.816
TRUE,"local",425,1.9502
FALSE,"metro",425,13.816
FALSE,"standard",425,2.0412
FALSE,"budget",426,2.5241
FALSE,"extended",426,13.816
FALSE,"local",426,2.1377
FALSE,"metro",426,13.816
TRUE,"standard",426,2.3961
FALSE,"budget",427,1.5129
FALSE,"extended",427,13.816
TRUE,"local",427,2.1377
FALSE,"metro",427,13.816
FALSE,"standard",427,1.7544
TRUE,"budget",428,1.9892
FALSE,"extended",428,13.816
FALSE,"local",428,2.1377
FALSE,"metro",428,13.816
FALSE,"standard",428,1.7596
FALSE,"budget",429,1.2698
FALSE,"extended",429,13.816
TRUE,"local",429,2.1377
FALSE,"metro",429,13.816
FALSE,"standard",429,1.7544
FALSE,"budget",430,2.3302
FALSE,"extended",430,13.816
FALSE,"local",430,2.1377
FALSE,"metro",430,13.816
TRUE,"standard",430,2.1725
FALSE,"budget",431,2.1471
FALSE,"extended",431,13.816
TRUE,"local",431,2.1377
FALSE,"metro",431,13.816
FALSE,"standard",431,1.9544
FALSE,"budget",432,1.9727
FALSE,"extended",432,13.816
FALSE,"local",432,2.1377
FALSE,"metro",432,13.816
TRUE,"standard",432,1.7544
FALSE,"budget",433,1.7851
FALSE,"extended",433,13.816
FALSE,"local",433,2.1377
FALSE,"metro",433,13.816
TRUE,"standard",433,1.7544
FALSE,"budget",434,2.245
FALSE,"extended",434,13.816
FALSE,"local",434,2.1377
FALSE,"metro",434,13.816
TRUE,"standard",434,2.0719
